,아이디,날짜,맛평점,양평점,배달평점,리뷰
0,ru**님,3일 전,5,5,5,양념은 페리카나가 갑인듯ㅋㅋ
1,do**님,3일 전,5,5,5,"닭이 이렇게 튼실한데 어쩜이렇게 야들야들 할까요..?
진짜 옛날 시장 통닭같은 느낌이 있어서 페리카나는 그맛에 먹는것같아요 참 맛납니다..♡"
2,ch**님,일주일 전,5,5,5,잘먹겠습니다 양 맛 다 만족합니다
3,pd**님,2022년 11월 6일,5,5,5,배달도 빠르고 맛있어요 잘먹었어요~
4,wh**님,2022년 11월 5일,5,5,5,"기다린만큼 맛있어요
다른지점에 비해 깨끗하고 맛있어요"
5,jw**님,2022년 11월 5일,5,5,5,항상맛있어요. 잘먹었어요.
6,fu**님,2022년 11월 5일,5,5,5,양념도 맛나고 후라이드도 바삭해요^^
7,pe**님,2022년 11월 4일,5,5,5,양념은 역시 페리카나~
8,eh**님,2022년 11월 3일,5,5,5,사장님이 친절하시구 양도 많아요 감사합니다
9,lo**님,2022년 10월 30일,5,5,5,맛있게 잘먹었습니다!
10,18**님,2022년 10월 29일,5,5,5,감사합니다 잘먹었습니다
11,wl**님,2022년 10월 27일,5,5,5,진짜 맛있어요 잘먹었습니당
12,sh**님,2022년 10월 25일,5,5,5,요기 지점 진쨔 맛있어요~!!!><
13,yu**님,2022년 10월 24일,4,5,5,튀김옷이 바뀐거같은데 그래도 맛있네용 ㅎㄹ
14,yu**님,2022년 10월 23일,5,5,5,맛있게 잘먹었습니다! 역시 치킨은 페리카나네요 ㅎ
15,yo**님,2022년 10월 18일,5,5,5,바삭하고 달콤한 페리카나 양념치킨 맛있게 잘 먹었습니다^^
16,he**님,2022년 10월 17일,5,5,5,일단 맛있고 배달도 빨랐습니다. 튀김옷도 얇고 클래식한 치킨 드실거면 역시 페리카나인듯 ㅎㅎㅎ 양념이 맛있어용
17,bo**님,2022년 10월 16일,5,5,5,여기 지점이 제일 나은듯
18,ph**님,2022년 10월 16일,5,5,5,맛있게 잘 먹었어요!
19,ne**님,2022년 10월 14일,5,5,4,"친구집에왔다가 그냥 자기 아쉬워서 찾던중 발견한 페리카나!
오랜만에 먹어봐서 더 반가웠습니다.
달달한 양념도 맛있고 바삭한 후라이드도 맛있네요!"
20,dw**님,2022년 10월 12일,5,5,5,너무 맛있어요 맛있게 잘먹었습니다
21,el**님,2022년 10월 12일,5,5,5,맛있네요 많이 파세요
22,kh**님,2022년 10월 10일,5,5,5,"너무 친절하신 사장님,무료 배달, 맛있음이 배가 되네요~치킨맛은 언제나 일등입니다!"
23,rn**님,2022년 10월 9일,5,5,5,너무 맛있고 배달비가 무료인게 너무 감사해요!!!!
24,tm**님,2022년 10월 9일,4,4,4,맛 있습 니다 맛맛
25,kr**님,2022년 10월 9일,5,5,5,오랜만에 시켰는데 양도 많고 맛있습니당!
26,eh**님,2022년 10월 8일,5,5,5,JMTJMTJMTJ
27,hc**님,2022년 10월 7일,5,5,5,맛있었습니다~ 잘먹었어요~
28,su**님,2022년 10월 7일,5,5,5,사진은 못 찍었습니다만 정말 맛있어요! 역시라 할만합니다
29,po**님,2022년 10월 6일,5,5,5,"맛있게 잘 먹었어요~~
어릴때 먹던 통닭 맛이 나요^^
사장님 오래오래 장사해주세요♡"
30,hy**님,2022년 10월 6일,5,5,5,항상 맛있게먹고있어요!
31,cj**님,2022년 10월 6일,4,5,5,양 많고 맛있습니다.
32,kl**님,2022년 10월 6일,5,5,5,역시 양념은 페리카나!
33,is**님,2022년 10월 6일,5,5,5,맛있게 잘먹었습니다
34,da**님,2022년 10월 6일,5,5,5,클래식......!🤟
35,jw**님,2022년 10월 4일,4,5,5,잘먹었어요. 미세하게 다른때랑 뭔가 다른느낌?ㅎㅎ
36,wj**님,2022년 10월 4일,5,5,5,3번째 주문/ 언제나 만족하며 먹습니다 감사합니다
37,ra**님,2022년 10월 4일,5,5,5,맛있게잘억었습니당~~
38,je**님,2022년 10월 4일,3,5,5,그럭저럭 먹을만해요
39,sl**님,2022년 10월 3일,5,5,5,맛있게 잘 먹었어요 😊
40,is**님,2022년 10월 3일,5,5,5,잘 먹었습니다...
41,s2**님,2022년 10월 3일,5,5,5,맛있게 잘 먹었어요~
42,ji**님,2022년 9월 30일,5,5,5,잘먹었습니다~~~~~~~
43,mi**님,2022년 9월 30일,5,5,5,맛있게 잘먹었습니다
44,je**님,2022년 9월 29일,4,5,5,옛날 아부지가 사다주시던 치킨맛!
45,sc**님,2022년 9월 29일,5,5,5,맛있는데 항상 빠른 배달까지 맛잇게 먹어요!!
46,rn**님,2022년 9월 28일,5,5,5,맛있게 잘 먹었습니다
47,ii**님,2022년 9월 28일,5,5,5,짱맛나요 또 시켜먹을라구요
48,sh**님,2022년 9월 26일,5,5,5,아주맛있다아주맛있다
49,yu**님,2022년 9월 26일,5,5,5,너무 맛있었습니다-!!
50,ki**님,2022년 9월 26일,5,5,5,"배달도 빠르고맛있어요
사진은 먹다찍었어요"
51,ko**님,2022년 9월 25일,5,5,5,맛있게 잘 먹었습니다
52,90**님,2022년 9월 25일,5,5,5,페리카나에서 순살양념은 첨인데 닭강정같이 겉은 바삭하고 안은 촉촉한데 매운 양념 소스 추가로 시켜서 찍어먹거나 치밥으로 해먹어도 맛있음요!
53,xs**님,2022년 9월 23일,5,5,5,바삭바삭해요 잘 먹었습니다
54,47**님,2022년 9월 23일,5,4,4,오랜만에 먹는데 역시 양념은 페리카나네요 !! 맛있습니당
55,rl**님,2022년 9월 23일,5,5,5,맛있게 잘 먹었습니다
56,jj**님,2022년 9월 23일,5,5,5,잫 먹었습니다 ㅎㅎㅎㅎㅎㅎㅎㅎ
57,rk**님,2022년 9월 22일,5,5,5,언제나처럼 빠른 배송과 후라이드가 정말 맛있어요.
58,gj**님,2022년 9월 21일,5,5,5,맛있었습니다 ㅎㅎㅎ
59,jh**님,2022년 9월 21일,5,5,5,잘 먹었습니다~~~
60,wl**님,2022년 9월 20일,5,5,5,맛있게 잘먹었어요 김사합니다
61,rl**님,2022년 9월 20일,5,5,5,"늘 맛있게 먹습니다
사장님도 너무 친절하세여"
62,su**님,2022년 9월 20일,5,5,5,딱 좋은 맛으로 맛나게 잘 먹었습니다.^^
63,wh**님,2022년 9월 18일,5,5,5,페리카나만의 양념치킨은 추억의 맛이 느껴져서 참 좋습니다 깔끔하고 맛도 좋네요 강추해요
64,ru**님,2022년 9월 17일,5,5,5,너무 맛있었어요 !!
65,mi**님,2022년 9월 17일,5,5,5,맛있게 잘 먹었습니다
66,ss**님,2022년 9월 17일,5,5,5,맛있었어요 또 시킬것같아요
67,kj**님,2022년 9월 16일,5,5,5,배달 빠르고 잘 먹었습니다
68,lm**님,2022년 9월 15일,5,5,5,맛있어요ㅎㅎㅎㅎㅎㅎ
69,ko**님,2022년 9월 15일,5,5,5,늘 한결같이 맛있고 배달 정해진 시간내에 옵니다
70,ps**님,2022년 9월 14일,5,5,5,너무 친절하고 맛도 최고에요
71,ju**님,2022년 9월 13일,5,5,5,맛있게 잘 먹었습니다
72,eh**님,2022년 9월 13일,5,5,5,맛있습니다 사장님도 친절하셔요
73,gm**님,2022년 9월 13일,5,5,5,.
74,hc**님,2022년 9월 11일,2,1,3,순살 처음 시켰는데 튀김 부분만 있거나 퍽퍽살위주라 진짜 별로네요 무조건 뼈있는거로 시키세요
75,yy**님,2022년 9월 11일,3,4,3,배달 90분은 걸린듯..예상 시간 보다 늦었고 안내도 별로였음..배달이 늦었으니 맛도 쏘쏘 휴..
76,dg**님,2022년 9월 11일,5,5,5,정말 맛있어요!!!
77,bi**님,2022년 9월 11일,5,5,5,맛있어요 배달도 빠르고~
78,dn**님,2022년 9월 11일,5,5,5,페리카나 너무너무 맛있어요 항상 ㅠㅠ
79,dl**님,2022년 9월 10일,5,5,5,맛도있구 배달도 빠르네요
80,kh**님,2022년 9월 9일,5,5,5,역시 믿고 먹었어요 정말 맛있네요~
81,rl**님,2022년 9월 8일,4,4,4,배달빠르고 맛있어요
82,zz**님,2022년 9월 7일,5,5,5,맛있어요 감사합니다
83,al**님,2022년 9월 7일,5,5,5,진짜 페리카나 너무맛있다.. 다리날개먹다가 이거먹었는데 정말 맛있어요
84,sc**님,2022년 9월 7일,5,5,5,"따뜻하게 빠른 배달까지 감사히 잘먹었습다! 
먹다보니 사진을 못찍었네여 ㅠㅠㅠ"
85,gu**님,2022년 9월 7일,5,5,5,먹어도 먹어도 중독되는 맛
86,sk**님,2022년 9월 5일,5,4,1,"배달 너무 느리네요
1시간15분 걸린듯....
음식도 다 식고.."
87,zl**님,2022년 9월 4일,5,5,5,페리카나는 역시 독산1점! 배달도 빠르고 맛있게잘먹었습니다!
88,pa**님,2022년 9월 3일,5,5,5,맛있게 잘 먹었습니다
89,fl**님,2022년 9월 2일,5,5,5,동네에서 제일 맛있어요!
90,ps**님,2022년 8월 31일,5,5,5,늘 맛있고 늘 친절하신 사장님 감사합니다
91,eo**님,2022년 8월 30일,5,5,5,항상 감사합니다. 사장님 배달 안전히 다니세요
92,su**님,2022년 8월 30일,5,5,5,맛있어요 페리카나~!
93,mi**님,2022년 8월 28일,5,5,5,"사진을  깜빡!!
늘 배달도  빠르고
맛도 굿굿!!"
94,sw**님,2022년 8월 28일,5,5,5,맛있어요 또 주문할게요
95,pd**님,2022년 8월 28일,5,5,5,배달도 빠르고 맛있습니다 잘먹었어요~~~
96,rh**님,2022년 8월 27일,5,5,5,자알~ 먹었습니다~~
97,kh**님,2022년 8월 27일,5,5,5,빠르고 맛있고 또 시킬께요~
98,87**님,2022년 8월 27일,5,5,5,후라이드 양념 둘다 너무 맛있어요!!
99,rh**님,2022년 8월 27일,5,5,5,퇴근하고 주문했는데 치킨이 저보다 더 빨리 왔습니다. 17분만에 오더라구요. 덕분에 맛있게 먹었습니다 역시 양념이 맛있네요
100,gj**님,2022년 8월 26일,5,5,5,잘 받았습니다. 빠른 배송 감사합니다.
101,ba**님,2022년 8월 26일,5,5,5,맛있게 먹었습니다...
102,sg**님,2022년 8월 26일,5,5,5,잘먹었습니다. 감사합니다.
103,se**님,2022년 8월 26일,5,5,5,맛있어요
104,mi**님,2022년 8월 26일,5,5,5,"35년인생 태어나서 먹은 페리카나치킨 지점중에 제일맛있습니다.
저번에 시킬때도 그랬는데
치킨오자마자 한입먹어보고
맥주한캔만 사온게 너무 후회되네요
부자되세요
늘 사장님이 직접배달해주시는거 같은데
너무 친절하세요"
105,mw**님,2022년 8월 25일,5,5,5,맛잇게 잘먹엇습니다아
106,mw**님,2022년 8월 25일,5,5,5,맛잇게 잘먹엇슺니다아
107,tt**님,2022년 8월 25일,5,5,5,"요즘시대에 배달비없고 
다른지역보더 기본적인 단가가 2천원이 싼 독산1점 최고입니다."
108,wj**님,2022년 8월 25일,5,5,5,너무 잘 먹었습니다 정말 좋아요
109,ha**님,2022년 8월 25일,5,5,5,너무 맛있었습니다 굿
110,jw**님,2022년 8월 25일,5,5,5,완전 맛있어요 페리카나난 항상 여기서만 시켜먹어요~~
111,ji**님,2022년 8월 24일,5,5,5,잘먹었습니다~~~~
112,wn**님,2022년 8월 23일,5,5,5,직접 배달하시는지 배달비도 없고 뜨끈뜨끈하게 옵니다. 당당치킨이 핫하지만 페리카나는 다른 매력이 있어서 ㅋㅋ 후라이드가 특히 맛나요
113,so**님,2022년 8월 23일,5,5,5,너무맛있어요 또시킬게요
114,tm**님,2022년 8월 22일,4,4,5,맛있게 잘먹었습니다~~~
115,rv**님,2022년 8월 20일,5,5,5,맛있게 잘 먹었습니다
116,eh**님,2022년 8월 19일,5,5,5,맛있게 잘먹었습니다
117,ck**님,2022년 8월 16일,5,5,5,갑작스럽게 비가 와서 배달 늦어질것 걱정했는데 빠르게 전달해주셔서 감사합니다
118,bl**님,2022년 8월 13일,4,4,1,"... 다음부턴 배달 요청사항 꼭 확인해주세요.
씻고 있는데 전화 오길래 설마 배달원분인가 했는데 그후에 초인종 계속 울리는거보고 맞다싶었네요.
저 나올때까지 초인종 누르시길래 씻다 말고 나와서 문앞에 놓고 가시라고 했어요.
벨 누르고 문앞에 놓고 가시라고 요청사항 남겼는데 전화에다가... 나올때까지 초인종에...
이건 아니죠 ㅡㅡ"
119,gu**님,2022년 8월 13일,5,5,5,이집 치킨 너무 맛있어요…^^
120,sw**님,2022년 8월 12일,5,5,5,"정말 잘 먹었습니다. 
늘 깔끔하고 맛도 있어서 시켜 먹게 됩니다.
덕분에 가족들과 즐거운 시간 보냈어요.
사장님, 항상 감사합니다."
121,se**님,2022년 8월 12일,5,5,5,역시 양념은 페리카나만한데가 없어요 넘 맛있어요!
122,do**님,2022년 8월 11일,5,5,5,맛있습니다 다른 집 고민하고 계신다면 추천드립니다
123,pe**님,2022년 8월 11일,5,5,5,"주문하고나서 몇분있다가 비가 너무 마니와서 배달오신분꺼 너무 죄송했네요
그 와중에도 치킨은 진짜 맛났어요"
124,kk**님,2022년 8월 10일,5,5,5,페리카나치킨 맛있어요
125,ha**님,2022년 8월 9일,5,5,5,날씨도 안좋아서 늦게올줄알았는데 엄청빨리와주시고 치킨도 맛나요!!!
126,tm**님,2022년 8월 3일,5,5,5,맛있게 잘묵엇습니다요
127,ki**님,2022년 8월 2일,5,5,5,"맛있게잘먹었습니다
사진은 먹다가 찍었어요"
128,kh**님,2022년 7월 31일,5,5,5,역시 치맥은 페리카나!
129,ju**님,2022년 7월 30일,5,5,5,맛있게 잘 먹었습니다
130,sh**님,2022년 7월 30일,5,5,5,"맛은 지점마다 아주 약간씩 차이가 있을 수 잇나봐요
요기 완전 제스타일입니다. 미각후각을 완전히 다시 찾으면
또먹을래요ㅎㅎ"
131,ji**님,2022년 7월 29일,5,5,5,진짜 후라이드의 정석! 양념치킨의 정석이에요!!! 어릴때 부모님이 시켜주시던 그맛이라 너무맛있게먹었어요 배달비도 없고 앞으로 반반치킨은 무조건 이집에서 켜먹을꺼에요 사장님 번창하세요👍
132,kh**님,2022년 7월 29일,5,5,5,배달해주시는분도 너무 친절하시고 진짜 다 맛있게 먹었어요 양념은 페리카나 진짜 최고네요!
133,ch**님,2022년 7월 29일,5,5,5,배달기사님 친절하시고 예상시간 보다 빨리 와서 좋았어요~ 따뜻한 치킨 잘 먹었습니다 적게 일하고 많이 버세요!!!
134,an**님,2022년 7월 28일,5,5,5,"배달 : 만족
양 : 만족
맛 : 맛있는데 조금 딱딱한 감이 있습니다..오래된 느낌..그래도 잘 먹었습니다~"
135,da**님,2022년 7월 28일,5,5,5,좋은시간 가졌습니다 ~~
136,rl**님,2022년 7월 26일,5,5,5,치킨 상당하네요 ㅎㅎ
137,wj**님,2022년 7월 26일,5,5,5,"배달도 빨랐고 치킨도 너무나 맛있었습니다
잘 먹었습니다"
138,xs**님,2022년 7월 25일,5,5,5,2주에 꼭 한번은 시켜먹습니다. 잘 먹었습니다
139,ju**님,2022년 7월 25일,5,5,5,맛있게 잘 먹었습니다
140,hd**님,2022년 7월 24일,5,5,5,바삭한 튀김옷 후라이드가 너무 생각납니다 대박나세요 ㅠㅠ
141,18**님,2022년 7월 24일,5,5,5,늦은시간에 배달 감사합니다!!  혼자 먹으니 다음날에 먹어도 맛있어요!! 느끼하지도 않고♡♡ 다음에 양념도전~
142,09**님,2022년 7월 24일,5,5,5,매번 잘 먹어요! 배달오시는 아주버님 친절하십니다!^.^
143,kk**님,2022년 7월 24일,5,5,5,감사합니다. 좋아요.
144,ex**님,2022년 7월 22일,5,5,5,맛있습니다. 배달원 분 늦었다고 미인해 하시길래 괜찮다고 말씀드렸습니다.  미안해 하시는거에 비해 닭 완전 뜨겁습니다. 번창하세요!~
145,su**님,2022년 7월 22일,4,4,4,"맛있게 잘 먹었습니다
다만 튀김옷이 좀 많았어요"
146,tm**님,2022년 7월 21일,5,5,5,맛있게 잘먹었습니다
147,dm**님,2022년 7월 21일,5,5,5,배달도 빠르고 항상 친절하시고 치킨도 맛있습니다
148,hs**님,2022년 7월 21일,5,5,5,배달도 빠르고 항상 바삭하고 좋습니다 추천합니다
149,ns**님,2022년 7월 21일,5,3,5,이번에 보내주신 치킨은 너무 부실하다는 생각이 가장먼저 떠올랐고 실망감이 들었던 것 같습니다. 맛은 변함없이 훌륭했어요
150,ju**님,2022년 7월 21일,5,5,5,맛있고 배달도 잘해주시고 친절하세요
151,gj**님,2022년 7월 21일,5,5,5,잘 받았습니다. 빠른 배송 감사합니다.
152,pd**님,2022년 7월 20일,5,5,5,레트로 페리카나 후반양반 겉바속촉 바삭하고 고소한 후라이드 촉촉한양념 직접배달해 주신 사장님 배달 연락주시고 맛도  굿 👍
153,su**님,2022년 7월 20일,5,5,4,맛있게 잘 먹었습니다. 무덥고 힘든시기에 힘내십쇼.
154,cu**님,2022년 7월 20일,5,5,5,사장님 너무 친절해요 맛도 최고에요 감사합니다😊
155,pa**님,2022년 7월 20일,5,5,5,맛있게 잘 먹었습니다 가게 번창하세요
156,kk**님,2022년 7월 20일,5,5,5,잘 먹엇습니다. 반반 치킨이 제일 무난하고 좋아요
157,ji**님,2022년 7월 19일,5,5,5,먹다가..ㅎㅎ 매운거 진짜 못먹는 아이가 있어서 치킨은 항상 페리카나입니다~~^^
158,ju**님,2022년 7월 19일,5,5,5,맛있게 잘 먹었습니다
159,gj**님,2022년 7월 19일,5,5,5,잘 받았습니다. 빠른 배송 감사합니다.
160,gk**님,2022년 7월 19일,5,5,5,맛있게 잘 먹었습니다
161,rh**님,2022년 7월 19일,5,5,5,맛있는데 배달만 좀 빨랐으면ㅠㅠ
162,gj**님,2022년 7월 18일,5,5,5,잘 받았습니다. 빠른 배송 감사합니다.
163,un**님,2022년 7월 18일,5,5,5,너무 맛있어요 !!
164,na**님,2022년 7월 18일,5,5,5,좋아요
165,fi**님,2022년 7월 18일,5,5,5,맛있게 잘먹었습니다
166,kh**님,2022년 7월 16일,5,5,5,맛도 좋고 배달도 빨라요!
167,sk**님,2022년 7월 16일,5,5,5,"배달이조금늦었지만
괜찬습니다  식으면 따뜻하게 데우면되는것이고
하니까요...
저는늘 ...긍정적입니다
배달하시는 할아버지 건강하시를 기원합니다
문의전화받으신 가게전화받으셨던사장님
페리카나 사장님가족분들 건강을기원합니다
코로나 인하여 저도 너무힘들고 한데
먹으면서 돌아가신 엄마생각이납니다...
어머니월급날 딱한번 사주셔서 그렇습니다...
아무튼번창하세요"
168,al**님,2022년 7월 16일,5,5,5,맛있게잘먹었습니다ㅎ
169,tm**님,2022년 7월 11일,4,4,3,맛 있습니 다 감 사 합니다
170,sc**님,2022년 7월 10일,5,5,5,맛있게 잘 먹었습니다.
171,kh**님,2022년 7월 10일,5,5,5,배달도 빠르고 페리카나 말해 무엇! 짱!!!
172,vi**님,2022년 7월 9일,5,5,5,65분 예정이었는데 30분만에 도착했습니다. 바로 튀긴 게 확실한.. 따뜻한 게 아니라 뜨거운 치킨을 헙헙헙 하면서 먹어댔네요. 사진은 없습니다만 뭐 다들 아시죠 여기 치킨 좋은거. 오늘도 잘 먹었습니다!
173,js**님,2022년 7월 9일,5,5,5,항상 잘 먹고 있습미다
174,gu**님,2022년 7월 9일,5,5,5,이집 치킨 너무 맛있어요
175,rl**님,2022년 7월 8일,5,5,5,맛있게 잘 먹었습니다
176,hs**님,2022년 7월 7일,4,4,4,😭😭😭😭😭😭😭😭😭😭😭😭😭😭😭😭
177,ji**님,2022년 7월 7일,5,5,5,정말 맛있게 먹었습니다!!!
178,rl**님,2022년 7월 7일,5,5,5,"빠른배달 너무 맛있게 먹었습니다
레트로 치킨 최고봉
양념이 너무 쎄지 않아 딱 좋았어요"
179,bo**님,2022년 7월 6일,5,5,5,딱 바라던 호프집 치킨맛.. 넘 맛있었구요 배달은 피크타임이라 느리긴 했지만 따끈따끈 식지 않고 와서 맛있게 먹었습니다. 살코기도 많고 맛있었어요! 정성스런 요리와 배달 감사드립니다.
180,mi**님,2022년 7월 6일,5,5,5,맛있게 잘먹었습니다
181,ex**님,2022년 7월 6일,5,5,5,순살에 매운양념이 최고
182,de**님,2022년 7월 5일,5,5,5,잘먹었습니다 ㅎㅎ
183,ez**님,2022년 7월 4일,5,5,5,"역시 양념하면 페리카나죠!
후라이드도 바삭한게 너무 맛있게 잘 먹었습니다!
오자마자 후다닥 먹느라 사진이 없네요ㅠㅠ
양념은 치밥으로 먹고 후라이드는 소금에 찍어먹었어요. 맛있는 치킨 감사합니다!"
184,xs**님,2022년 7월 4일,5,5,5,후라이드는 페리카나죠
185,al**님,2022년 7월 1일,5,5,5,너무 잘 먹었습니다ㅎ
186,ns**님,2022년 7월 1일,5,5,5,오랜만에 제 입맛에 맞는 치킨을 발견했네요. 왜 이제서야 페리카나를 생각하게 됐는지 의문이네요. 정말 맛있게 먹었습니다. 늦은 시간에도 친절하게 서비스해 주시고 빠른배달까지...... 감사합니다.
187,db**님,2022년 6월 30일,5,5,5,배달도빠르고 친절하시고 치킨도 질좋은치킨이에요 맛있습니다 옛날치킨맛~번창하세요
188,zb**님,2022년 6월 30일,5,5,5,맛있어용!!!순살좋아해서 시켰는데 좋네용ㅎㅎ
189,gu**님,2022년 6월 29일,5,5,5,너무 맛있어서 담에 또 주문할거에요^^
190,ba**님,2022년 6월 28일,5,5,5,"빨리 가져다 주셔서 감사합니다^^
콜라는 신경쓰지 마셔요~~ㅎㅎ"
191,tm**님,2022년 6월 28일,2,3,5,양념이시킬때마다 적음
192,ea**님,2022년 6월 28일,5,5,5,"너무너무 맛있고 양도 많아요
리뷰 잘 안쓰는 편인데... 맛있어서 먹다말고 급히 사진 찍었어요
이런 맛은 리뷰를 써줘야 하니까요ㅋㅋㅋ
배달비도 안받으시고 좋아요 ^^"
193,cu**님,2022년 6월 27일,5,5,5,맛나게 잘먹었습니다ㅎ
194,tm**님,2022년 6월 26일,4,5,4,"맛있습니다
허나 양념을 아끼지않고 많이버무려 주시면 더욱좋을것같습니다"
195,ji**님,2022년 6월 26일,5,5,5,"옛날 후라이드가 먹고싶은데 제가 딱딱한걸 못먹어서 부드럽게튀겨달라고했더니 진짜 너무 안딱딱하고 맛있게 해주셨어요ㅜㅜ
덕분에 진짜 맛있게 잘먹었어요!"
196,gk**님,2022년 6월 26일,5,5,5,맛나요 다음에도 시킬게요
197,ko**님,2022년 6월 26일,5,5,5,행사도 자주하고 맛도 좋습니다
198,wi**님,2022년 6월 26일,5,5,5,치킨 넘 맛있고 앞으로 페리카나는 여기서 자주 시켜먹을것 같아용
199,na**님,2022년 6월 25일,5,5,5,잘먹었습니다 번창하세요
200,rf**님,2022년 6월 25일,5,5,5,맛좋고 양 좋고 거기에  무료배달 쵝오
201,qk**님,2022년 6월 24일,5,5,5,맛있었어요 ! 페리카나는 역쉬양념
202,xs**님,2022년 6월 24일,5,5,5,페리카나는 치킨 근본이죠
203,pd**님,2022년 6월 24일,5,5,4,"페리카나 레트로 옛날 후라이드, 양념치킨 맛 굿"
204,lm**님,2022년 6월 23일,5,5,5,비 많이 오는데 안전하게 배달해주셔서 감사합니다ㅠㅠ 빗길 안전운전하셔요!!!
205,hi**님,2022년 6월 23일,5,5,5,페리카나치킨이찾아왓아요 페리페리`
206,hi**님,2022년 6월 23일,5,5,5,양념치킨 최고고오오오오오
207,hi**님,2022년 6월 23일,5,5,5,잘먹었습니다 감사합니다
208,jw**님,2022년 6월 23일,5,5,5,맛있게잘먹었어요. 또이용할게요~
209,dr**님,2022년 6월 23일,5,5,5,맛있게 잘먹었습니다
210,nk**님,2022년 6월 23일,5,5,5,맛있어요~~~~~~
211,al**님,2022년 6월 22일,5,5,5,감사합니다 사장님 맛있게 잘 먹었습니다ㅎ
212,mi**님,2022년 6월 22일,5,5,5,맛있게 잘먹었습니다
213,kj**님,2022년 6월 22일,5,5,5,배달도 빠르고 요청사항도 잘 반영해주시고 항상 잘 먹고 있습니다^^
214,is**님,2022년 6월 22일,5,5,5,맛있게 잘먹었습니다
215,aa**님,2022년 6월 22일,5,5,5,맛있습니다!! 배달비 무료 좋아요
216,dm**님,2022년 6월 22일,5,5,5,후라이드가 진짜 옛날에 먹던맛이나서 너무 맛있었습니다
217,ec**님,2022년 6월 21일,5,5,5,"친절하게 전화주시고 잘 받았어요
저렴하게 맛있게 잘 먹었어요 
감사합니다"
218,sa**님,2022년 6월 21일,5,5,5,맛았게 잘먹었습니다
219,ni**님,2022년 6월 21일,5,5,5,튀김이 가볍고 느끼하지않네요
220,fl**님,2022년 6월 20일,5,5,5,배달비 안 받는게 쉬운 게 아니실텐데 감사합니다~ 잘 먹었어요!
221,yo**님,2022년 6월 20일,5,5,5,"제 최애 페리카나 후반양반!!후라이드가 완전 빠!삭!해서 너무 좋아요 그리고 촉촉 
페리카나 양념은 최고에용👍"
222,sc**님,2022년 6월 20일,5,5,5,맛있게 잘 먹었습니다.
223,87**님,2022년 6월 20일,5,5,5,기본에 충실한 맛 좋아요
224,fa**님,2022년 6월 19일,5,5,5,자주 시켜먹는 집이에요 꼬들목 처음 시켰는데 맛있네요!!:) 마니파세욧
225,os**님,2022년 6월 19일,5,5,5,"양념순살 너무 좋아요
#식후감"
226,lo**님,2022년 6월 19일,5,5,5,맛있게 잘먹었습니다!
227,el**님,2022년 6월 18일,4,4,5,잘 먹었습니다~~~
228,or**님,2022년 6월 18일,5,5,5,맛있게 잘먹었습니다.
229,im**님,2022년 6월 17일,5,5,5,"잘먹었습니다
감사합니다"
230,pa**님,2022년 6월 17일,5,5,5,아주 잘 먹었습니다 리뷰 쓴 줄 알았는데 안 쓰고 있었네요
231,at**님,2022년 6월 17일,5,5,5,"너무맛있어요
또시킬게요"
232,ju**님,2022년 6월 17일,5,5,5,맛있게 잘 먹었습니다
233,ji**님,2022년 6월 16일,5,5,5,베이스가 맵지 않아서 아이가 먹기 좋네요. 전 소스에 찍어먹었답니다.
234,nk**님,2022년 6월 15일,5,5,5,맛있어요~~~~~~
235,ph**님,2022년 6월 13일,5,5,5,친구네 집 놀러가서 시켜먹었는데 역시 페리카나 맛있네요 친구도 저도 만족했습니다
236,ex**님,2022년 6월 12일,5,5,5,역시 치킨은 페리카나!!! 매번먹는 치킨이에요
237,jw**님,2022년 6월 12일,5,5,5,"페리카나 오랜만에 먹었는데 너무 맛 있었어요.

배달도 빠르고 굳!!!!!!  감사합니다~~"
238,ek**님,2022년 6월 12일,5,5,5,오랜만에 양념치킨먹고싶어서 반반으로 주문했는데 너무 맛있게 잘 먹었습니다!! 후라이드도 완전 바삭해요~
239,de**님,2022년 6월 11일,5,5,5,맛있어여 요기지점!!
240,cu**님,2022년 6월 10일,5,5,5,"맛나요ㅎ
역시 페리카나치킨이 찾아왔어요ㅎ"
241,im**님,2022년 6월 9일,5,5,5,"잘먹었습니다
감사합니다"
242,no**님,2022년 6월 9일,5,5,5,"페리카나 양념이 맛있다고 하는데
난 후라이드가 더 좋아 ㅠㅠ

여기만 몇번째 주문인지 모르겠네요
흥하세요!!"
243,rk**님,2022년 6월 8일,5,5,5,후라이드 정말 맛있어요  많이 파세요
244,ju**님,2022년 6월 6일,3,5,5,배달비가 무료이고 사장님 엄청 친절하신ㄷ 후라이드만 맛있어요 양념은 ㅠㅠ 고기가 오래된거같아요ㅠ
245,fa**님,2022년 6월 5일,5,5,5,"페리카나는 여기서만 시켜먹어요 맛있어요!!!!
감사합니당:)"
246,pp**님,2022년 6월 4일,5,5,5,반반치킨 늘 맛있게 먹고있습니다
247,mi**님,2022년 6월 2일,5,5,5,"반반메뉴 잘 먹었습니다 
뼈  반반 인줄 알았는데
순살반반이 왔더라고요
그냥 먹었습니다 
수고하세요 ~"
248,se**님,2022년 6월 2일,5,5,5,항상 너무 맛있게먹고있어요~!!
249,wo**님,2022년 5월 31일,5,5,5,맛나요요요요요요요요
250,xs**님,2022년 5월 30일,5,5,5,바삭바삭하게 왔네요
251,es**님,2022년 5월 30일,5,5,5,"맛있게 잘 먹었습니다
정신차리고보니 호일에 양념만 깔려있어요 ㅋ
담엔 사진 먹기전에 찍을께요^^"
252,sj**님,2022년 5월 29일,5,5,5,페리카나 순살은 퍽퍽살이라 넘 좋숩니당. 오랜만에 먹어도 맛있네용. 잘 먹었습니다 :)
253,ko**님,2022년 5월 29일,5,5,5,늘 만족스럽게 먹어요 추천추천
254,gi**님,2022년 5월 29일,5,5,5,맛있게 잘먹었습니다~
255,po**님,2022년 5월 29일,5,5,5,맛있귀 잘 멀었어요
256,du**님,2022년 5월 28일,5,5,5,두마리굿~맛굿~배달굿~
257,lo**님,2022년 5월 28일,5,5,5,맛있게 잘먹었습니다!
258,po**님,2022년 5월 28일,5,5,5,맛있습니다아아아아아
259,mf**님,2022년 5월 27일,5,5,5,맛있어요 역시 양념은 페리카나
260,db**님,2022년 5월 27일,5,5,5,"사장님이 친절하세요.
역시 양념은 페리카나"
261,kh**님,2022년 5월 26일,5,5,5,배달실수하셔서 기분이 약간안좋았는데 배달하시는 분이 미안하다고 하시고 정말착하셔서 다 풀렸어요~ 그리고 정말 맛있었어요!
262,dl**님,2022년 5월 26일,5,5,5,"배달도 빠르고 배달해주시큰 분도 친절했습니다.
닭냄새가 살짝 난건 아쉽지맠 맛있았네요~"
263,da**님,2022년 5월 26일,5,5,5,맛있어요 주인 분도 친절하시고 배달 분도 친절 하세요
264,to**님,2022년 5월 26일,5,5,5,맛있게 잘먹었습니다 ㅎㅎ
265,mg**님,2022년 5월 26일,5,5,5,"후라이드 바삭하고 튀김옷 얇아서 좋아요
양념도 추억의 옛날 양념치긴맛이라 맛있어요"
266,ch**님,2022년 5월 26일,5,5,5,심플한 양념 맛있어요
267,dr**님,2022년 5월 25일,5,5,5,맛있게 잘먹었습니다
268,ws**님,2022년 5월 25일,1,1,3,엄청 오래된 것마냥 고기가 엄청 질기고 맛없었어요. 다신 안 시킬 듯
269,gk**님,2022년 5월 25일,5,5,5,맛있게 잘 먹었습니다!!
270,is**님,2022년 5월 24일,5,5,5,잘 먹었습니다...
271,tr**님,2022년 5월 24일,5,5,5,바삭바삭 맛있어요. 사장님이 직접 배달해 주시는지..친절하십니다
272,tk**님,2022년 5월 24일,5,5,5,맛있어용
273,hs**님,2022년 5월 24일,5,5,5,배달도 빠르고 후라이드 항상 바삭바삭 맛있습니다 추천합니다
274,ke**님,2022년 5월 24일,5,5,5,"배송도 빠르고 양도많고 양념치킨 
너무 너무 맛있어요!
잘먹었습니다~"
275,kk**님,2022년 5월 23일,5,5,5,오늘도 맛있게 잘 먹엇습니다
276,ba**님,2022년 5월 23일,5,5,5,"일 때문에 자주는 아니더라도

가끔씩 시켜먹는데 항상 맛있고 친절하십니다^^"
277,ss**님,2022년 5월 23일,5,5,5,배달도 빠르고 맛도 좋아요:)
278,po**님,2022년 5월 23일,5,5,5,"제가 젤 애정하는 페리카나♡
맛있게 잘 먹었습니다"
279,sj**님,2022년 5월 23일,3,5,5,괜찮네요 양념은ㅎㅎ
280,ds**님,2022년 5월 23일,5,5,5,이건못참찌~~~~~~~~~~
281,dy**님,2022년 5월 22일,5,5,5,"이런 가게가 잘 돼야 합니다
후회하지 않습니다. 오랜만에 옛날생각나는 후라이드 먹었네요
정말 최고입니다 번창하세요"
282,ko**님,2022년 5월 20일,5,5,5,순살양념 맛 부활.. 잡내없고 기름도 깨끗한 맛!
283,ko**님,2022년 5월 19일,4,5,5,기름이나 튀김옷 체크를 해보셔야겠어요 후라이드에서 말린새우맛이 납니다.. 양념은 기가맥혀요!
284,mo**님,2022년 5월 19일,5,5,5,맛있는데 젓가락달라했는데 안줘서 2개뺍니다
285,03**님,2022년 5월 19일,5,5,5,페리카나는 먹을따마다 치킨 맛이 진화하는 느낌이네요...맛있게 잘 먹었습니다^^
286,im**님,2022년 5월 18일,5,5,5,"잘먹었습니다
감사합니다"
287,ps**님,2022년 5월 18일,5,5,5,역시 양념치킨은 페리카나가 맛있네요~
288,ls**님,2022년 5월 17일,5,5,5,반반 맛있어요 잘먹을게요
289,en**님,2022년 5월 17일,5,5,5,후라이드 맛있었어요~
290,ch**님,2022년 5월 16일,5,5,5,"사진은 없지만.. 항상 맛있게 조리해주시고, 웃는 얼굴로 배달해주시는 사장님의 좋은 마음 덕분에 더욱 기분좋게 잘 먹었습니다. 항상 건강하시고 번창하세요."
291,rv**님,2022년 5월 15일,5,5,5,맛있게 잘 먹었습니다
292,dl**님,2022년 5월 13일,5,5,5,배달도빠르고맛있게 먹었습니다
293,se**님,2022년 5월 12일,5,5,5,순살도 넘넘 맛있어요~ 양념은 진짜 페리카나가 제일 맛있어요
294,df**님,2022년 5월 11일,5,5,5,맛있고 양 많아요 배달아저씨도 친절하세요
295,di**님,2022년 5월 11일,5,5,5,맛있게 잘먹었습니다
296,no**님,2022년 5월 10일,5,5,5,정말 맛있는 치킨이네요 잘튀기셨어요 배달도 익스프레스보다 빨라요ㅋㅋ 사장님이직접배달하셔서그런가 문앞에서 가져갈때까지 기다리시고 친절하시더라구요 맛도있고요
297,th**님,2022년 5월 10일,5,5,5,딱 양념치킨의 정석 너무 맛있어요ㅠㅠ 사장님도 너무 친절하시구 자주 시켜먹을게요!
298,hy**님,2022년 5월 9일,5,5,1,다 괜찮은데 배달이 별로 콜하지말고 문앞 배달 문자 달라 했지만 전화 2번 문 두드리고 문자는 없고 배달에서는 매우 실망
299,nk**님,2022년 5월 8일,5,5,5,맛있어요~~~~~~~
300,ju**님,2022년 5월 8일,5,5,5,맛있게 잘 먹었습니다
301,mi**님,2022년 5월 8일,5,5,5,배달도 너무 친절하시고 너무 맛있어요!!! 앞으로 치킨은 페리카나 독산1점에서 먹어야겠어요!!
302,lo**님,2022년 5월 7일,5,5,5,맛있게 잘먹었습니다!
303,ri**님,2022년 5월 7일,5,3,4,맛은 있었는데 살이 너무 없었어요ㅠ
304,gt**님,2022년 5월 6일,5,5,5,배달 시간과 먓과 양의 놀랐습니다  잘먹었습니다
305,pe**님,2022년 5월 4일,5,5,5,진짜 맛있어요! 잘 먹었어요
306,po**님,2022년 5월 4일,5,5,5,옛날 추억의 치킨맛...
307,jy**님,2022년 5월 3일,5,5,5,맛있게  맛있었어요 감사합니당
308,ko**님,2022년 5월 3일,5,5,5,맛있게 먹었습니다 추천합니다
309,ri**님,2022년 5월 2일,5,5,5,옛날 치킨 맛을 느낄 수 있음~~
310,11**님,2022년 5월 1일,5,5,5,맛있어요
311,ju**님,2022년 4월 30일,5,5,5,맛있게 잘 먹었습니다
312,sk**님,2022년 4월 29일,5,5,5,"넘 맛있게 잘튀겨주세요
순살 더럽게 맛없는 치킨 체인점도 많은데 여기는 순살도 맛있네용"
313,de**님,2022년 4월 29일,5,5,5,"술에 취해 혼자 2마리 시켰습니다

저녁에 미친듯이 먹고
담날 아침에도 조금 먹고 출근
퇴근하고 먹어도 맛있네요

직접 배달하시느라 고생많습니다

자주 시켜먹을게요

수고하세요"
314,we**님,2022년 4월 29일,5,5,5,순살 오랜만에 먹었는데 더 맛있어진 것 같아요. 사장님이 친절하게 직접 배달해주십니다. 강추!
315,cx**님,2022년 4월 28일,5,5,5,맛있게 잘먹었습니다.
316,kk**님,2022년 4월 28일,4,5,5,빠른배송 잘먹을게요
317,du**님,2022년 4월 28일,5,5,5,치킨은 항상 옳다
318,la**님,2022년 4월 27일,5,5,5,맛있게 잘먹었습니다
319,yy**님,2022년 4월 27일,5,5,5,맛있게 잘 먹었습니다 감사합니다
320,kj**님,2022년 4월 27일,5,5,5,배달 빠르고 맛있습니다~
321,ch**님,2022년 4월 27일,5,5,5,"그리운 옛 양념치킨 맛, 심플하게 맛있는 치킨입니다."
322,th**님,2022년 4월 27일,5,5,5,감사히 잘먹었습니다
323,pr**님,2022년 4월 26일,5,5,5,이거 맛있네 이거 맛있어
324,at**님,2022년 4월 26일,5,5,5,난잡해진 치킨계에서 벗어난 클래식의 중후함
325,gn**님,2022년 4월 26일,5,5,5,"맛있고요....맛있어요.........진짜 맛있는데...사진을 못찍었어요.
..."
326,gr**님,2022년 4월 25일,5,5,5,따뜻할때 빠르게 도착해서 오자마자 사진 급히 찍고 잘 먹었습니다
327,pe**님,2022년 4월 24일,5,5,5,"맛이야 말할필요없이 맛있구여
배달 오지게 빨랐어요"
328,wm**님,2022년 4월 24일,5,5,5,맛있어요~아버지가 사주신 어릴적 먹던 그맛이네요~~
329,ch**님,2022년 4월 24일,5,5,5,순살 후라이드 뼈가 없어서 먹기 편해요. 다음에는 반반메뉴 시켜야겠네요.
330,ju**님,2022년 4월 23일,5,5,5,맛있게 잘 먹었습니다
331,ju**님,2022년 4월 23일,5,5,5,맛있게 잘 먹었습니다
332,na**님,2022년 4월 23일,5,5,5,생각보다 양이 많아서 놀랐네요 맛있게 잘먹었습니다 다음엔 주문 요청사항 참고하셔서 벨 누르지는 말아주세요
333,so**님,2022년 4월 22일,5,5,5,"옛날 시장 통닭 같은 느낌. 양배추 샐러드가 생각나는 맛입니다.
배달도 따뜻할 때 바로 배달해 주십니다. 옛날 생각나는 치킨집 :)"
334,kj**님,2022년 4월 21일,5,4,5,처음 시키는데 맛있었어요~
335,ns**님,2022년 4월 21일,4,5,5,이렇게 질긴 치킨 처음 먹어보네요 많이 파세요
336,xs**님,2022년 4월 20일,5,5,5,후라이드는 페리카나
337,su**님,2022년 4월 19일,5,5,5,맛있게 잘 먹겠습니다^^
338,kk**님,2022년 4월 19일,5,5,5,넘 맛있었어용 잘 먹었습니다^^
339,oy**님,2022년 4월 18일,5,5,5,맛있어요 배송 빨라요
340,sc**님,2022년 4월 18일,5,5,5,맛있게 잘 먹었습니다.
341,tb**님,2022년 4월 18일,5,5,5,맛있게 잘 먹었어요 ~!!!
342,nk**님,2022년 4월 18일,5,5,5,맛있어요~~~~~~
343,nk**님,2022년 4월 18일,5,5,5,맛잇어요~~~~~~
344,jo**님,2022년 4월 18일,5,5,5,잘먹었습니다
345,st**님,2022년 4월 18일,5,5,5,너무 맛있었어요!! 진짜 예전에 2002 월드컵 보면서 먹던 치킨 그 맛 그대로예요 ㅎㅎ 스물다섯 스물하나 드라마 보면서 정말 오랜만에 옛날에 먹던 페리카나 치킨이 생각나서 주문했는데 너무 맛있게 잘 먹었어요! 빠르고 친절하게 배달해주셔서 정말 기분좋게 먹었습니다. 다음에도 치킨이 생각나면 꼭 페리카나에서 주문할게요!  번창하세요:)
346,yo**님,2022년 4월 17일,5,5,5,맛있어요 항상 감사해요
347,ju**님,2022년 4월 15일,5,5,5,맛있게 잘 먹었습니다 닭이 신선합니다
348,pk**님,2022년 4월 14일,5,5,5,맛있어요 잘먹었습니다 감사합니다
349,om**님,2022년 4월 12일,5,5,5,후라이드 맛있게 잘 먹었네요
350,se**님,2022년 4월 11일,5,5,5,넘넘 맛있어요 요새 여기서만 먹어요
351,re**님,2022년 4월 11일,5,5,5,"부모님 드시라구 배달 요청 드렸는데
맛있게 잘 드셨다구 하네요!^^

짱짱!"
352,ja**님,2022년 4월 8일,5,5,5,"너무 맛있어요!!!가격도 착하고 배송도 빠르고 
완젼강추요~~~"
353,pk**님,2022년 4월 8일,5,5,5,맛있어요 잘먹었습니다 감사합니다
354,fr**님,2022년 4월 6일,5,5,5,늘 맛있는 양념치킨 감사합니다
355,lu**님,2022년 4월 6일,5,5,5,오늘도 목놓아 외칩니다!! 킹갓카나 독산1호점 !!
356,op**님,2022년 4월 6일,5,5,5,역시 페리카나는 배신하지 않네요 맛있어요
357,hi**님,2022년 4월 5일,5,5,5,"페리 카나 치킨이 찾아왔어요 
맛있는 치킨이 찾아 왔어요 ~~~"
358,na**님,2022년 4월 4일,5,5,5,잘먹었습니다    ㄷ
359,sp**님,2022년 4월 4일,5,5,5,촉곳ㅅㅅㅅㅅㅅㄹㅅㅅ
360,po**님,2022년 4월 2일,5,5,5,사장님 덕분에 너무 맛있게 먹었어요~
361,re**님,2022년 4월 2일,5,5,5,페리카나는 역시 양념이 맛있어요
362,vo**님,2022년 4월 1일,5,5,5,양도 많고 참 맛있어요!!
363,z_**님,2022년 4월 1일,5,5,5,원래도 페리카나를 좋아하지만 이 지점은 더 맛있어요! 사장님이 항상 배달도 직접하시능 것 같은게 친절하셔요~!
364,fl**님,2022년 4월 1일,4,5,5,이벤트할때 저렴하게 잘 먹었어요
365,dr**님,2022년 4월 1일,5,5,5,맛있게 잘먹었습니다
366,yo**님,2022년 4월 1일,5,5,5,"#식후감
양념은 페리카나가 최고인것 같아요!
알싸한 마늘맛과 함께 맛있게 잘먹었습니다ㅎㅎ"
367,ko**님,2022년 4월 1일,5,5,5,주로 두마리 시키다가 한마리 시켜봤는데 이게 차이가 왜 있는지는 모르겠지만 맛은 두마리가 더 낫네요 ^^; 어쨌든 맛있게 먹긴 했습니다
368,hs**님,2022년 4월 1일,5,5,5,배달도 빠르고 맛고 좋고 옛날 후라이드맛 그대로입니다. 추천합니다.
369,du**님,2022년 4월 1일,5,5,5,"빠르게 배달 해주셔서 감사합니다
맛있게 잘 먹었어요"
370,th**님,2022년 3월 31일,5,5,5,감사히잘먹었습니다
371,es**님,2022년 3월 31일,5,5,5,맛있게 잘 먹었습니다.
372,to**님,2022년 3월 31일,5,5,5,맛있게 잘먹었습니다
373,rh**님,2022년 3월 31일,5,5,5,맛있게 잘 먹었습니다~
374,db**님,2022년 3월 31일,5,5,5,역시 양념은 페리카나~
375,is**님,2022년 3월 31일,5,5,5,맛있게 잘먹었습니다 고맙습니다
376,ga**님,2022년 3월 31일,5,5,5,"뜨겁게 도착했어요.
치킨은 당연하고 치즈볼이 정말 맛있습니다.👍👍👍"
377,rf**님,2022년 3월 31일,5,5,5,맛있고 배달 친절하시고 양도  좋습니다
378,ll**님,2022년 3월 31일,5,5,5,"뜯고 허겁지겁 먹어서 사진은 없구욬ㅋㅋㅋ와 진짜 개맛있음
배달하시는분도 너무 친절하셔서 기분좋게 먹었네요"
379,es**님,2022년 3월 30일,1,1,1,많이 시켜먹는데 시켜먹었던 날은 조금 아쉬웠네요..
380,al**님,2022년 3월 30일,5,5,5,항상 잘먹고 잇습니다
381,14**님,2022년 3월 29일,5,5,5,주인분이 직접 배달해주셔서 빠르고 언제나 맛있게먹고있습니다.
382,ra**님,2022년 3월 29일,5,5,5,사장님~ㅠㅠ반반 부탁드렸었는데 ...매번 메모남겨드리는데 잘 못보시나봐용~그냥 담에 후라이드시키구 양념을따루 니켜야겠어용ㅠㅠ
383,sw**님,2022년 3월 29일,5,5,5,"오랜만에 주문해서 먹었는데 여전하시네요.
잘 먹었습니다."
384,sf**님,2022년 3월 29일,5,5,5,예상시간보다 훨씬 빨리 배달왔고 양념 맛있게 먹었습니다
385,ko**님,2022년 3월 29일,5,5,5,배달빠르고 늘 맛있어요
386,cl**님,2022년 3월 29일,5,5,5,"양도 많고 맛있어요 
양념도 맛있었어요"
387,ls**님,2022년 3월 29일,5,5,5,순살 🍗🍺 하면 페리카나쥬ㅎㅎ오늘 4천원 할인혜택으로 급 주문해서 빠른 배달과 푸짐한 양과 함께 맛나게 꿀꺽했습니다^^😉👍👏 겉바 속촉 👍👍강추~!!^^
388,ji**님,2022년 3월 29일,5,5,5,잘먹었습니다~~~~
389,kh**님,2022년 3월 28일,5,5,5,진짜 간만에 잘먹었어요~
390,j1**님,2022년 3월 28일,5,5,5,진짜 맛있어용 배달도 앱에 찍힌거보다 빠르고 친절해요
391,en**님,2022년 3월 28일,5,5,5,맛있게 잘 먹었어요
392,op**님,2022년 3월 28일,5,5,5,모든면에서 만족합니다
393,sa**님,2022년 3월 27일,4,5,5,맛있게 잘먹었습니다
394,se**님,2022년 3월 26일,5,5,5,정말 맛있게 잘 먹었습니다~ 꼬들목 튀김도 진짜 맛있었어요!
395,nk**님,2022년 3월 26일,5,5,5,맛있어요~~~~~~
396,su**님,2022년 3월 25일,5,5,4,"맛있습니다! 믿고 먹는 페리카나
근데 쿠폰은 원래 안주시는지 궁금하네요."
397,ja**님,2022년 3월 23일,5,5,5,"완젼 맛있어용 
사장님도 친절하시고 
가격도 착하고 강추요!!"
398,ji**님,2022년 3월 23일,5,5,5,It sooooooooo good
399,pe**님,2022년 3월 22일,5,5,5,"항상 만족합니다
닭도 큰거같아여"
400,ec**님,2022년 3월 21일,5,5,5,"후라이드 넘 바삭하고. 양념은 역시! 달콤하고 넘 맛있어요
먹다가 생각나서 찍었네요~~~"
401,ee**님,2022년 3월 21일,5,5,5,즐겨시키는 치킨 맛집이에요 적극 추천합니다
402,ch**님,2022년 3월 20일,5,5,5,맛있었습니다
403,s2**님,2022년 3월 20일,5,5,5,맛있게 잘 먹었어요~
404,kg**님,2022년 3월 19일,5,5,5,치킨이 잘못왔어요 양념한마리 반반한마리 시킨건데 반반이 후라이드로 왔네요ㅠㅠ 그래도 맛있게 잘먹었습니다
405,lo**님,2022년 3월 19일,5,5,5,맛있게 잘먹었습니다!
406,se**님,2022년 3월 19일,5,5,5,음식도 빨리 왔고~~ 너무 맛있어요!! 자꾸 생각나는 맛이에요ㅋㅋㅋ 어제 먹다남은거 오늘 그냥 식은채로 마저 먹었는데 그래도 넘 맛있어요!!!
407,2s**님,2022년 3월 19일,5,5,4,배달시간이 좀 길긴 했지만 맛있고 양도 훌륭했어요
408,ra**님,2022년 3월 19일,5,5,5,"배달두예상시간보다 빨리왔구요~독산1점이 양념두
많이 발라주시구 맛있어요~사장님이 직접배달해주셔서
좀 늦는경우가 있어두 믿음이갑니당~사장님~화이팅이용~"
409,du**님,2022년 3월 16일,5,5,5,양념은 진짜 여기가 최곱니다 완벽한 밸런스
410,tb**님,2022년 3월 16일,5,5,5,"배달이 항상 예상시간보다 빠르게 해주셔서 좋아요
치킨도 너무 맛있게 잘 먹었어요 ~!!!"
411,ra**님,2022년 3월 15일,5,5,5,요청사항두 잘들어주시구 넘넘 맛있어용~
412,   손님,2022년 3월 14일,5,5,1,잘먹었어요!!!!!
413,ez**님,2022년 3월 10일,5,5,5,"받자마자 먹느라 사진을 못찍었네요.
완전 맛있게 잘 먹었습니다!
양념만 맛있을줄 알았는데 후라이드도 맛있네요😁"
414,ae**님,2022년 3월 10일,3,4,4,후라이드는 조금 딱딱하고 양념은 괜찮아요 저렴한 가격으로 드실분들은 괜찮으편
415,dr**님,2022년 3월 9일,4,5,5,오늘은 고기가 최근처럼 딱딱하고 질기진 않아서 괜찮았어요
416,lo**님,2022년 3월 9일,5,5,5,맛있어요 부위는 다양하게 있는거 같아요
417,sc**님,2022년 3월 8일,5,5,5,맛있게 잘 먹었습니다.
418,13**님,2022년 3월 8일,5,5,5,앙과맛 이보다 더 좋을순없다 ~^^
419,du**님,2022년 3월 7일,5,5,5,후라이드 너무깔끔하고 양념은 진짜 최고로 맛있어요 배달도 너무빨라서 깜짝놀랐어요~
420,du**님,2022년 3월 6일,5,5,5,여기가 제일 맛있는거같아요
421,nk**님,2022년 3월 5일,5,5,5,너무맛있어요~~~~~
422,xs**님,2022년 3월 5일,5,5,5,후라이드는 페리카나인듯
423,ha**님,2022년 3월 5일,5,5,5,정말 맛있어요 특히 양념이 맛있네요
424,se**님,2022년 3월 4일,5,5,5,옛날스타일 양념치킨이 너무너무 먹고싶어져서 시켰는데 넘 맛있어요 딱 생각하던 그 맛이에요! 양념묻었는데도 오래오래 바삭하고 넘 맛있어요! 후라이드도 튀김옷 자체가 넘 맛있어서 소금 안찍어도 맛있었어요!!
425,sp**님,2022년 3월 3일,5,5,5,국12121221212
426,ks**님,2022년 3월 1일,5,5,5,사진은못찍었어요 잘먹었습니다~~~
427,mw**님,2022년 3월 1일,4,5,4,"이벤트라서 그런지 너무 식어서 왔어요
아쉽"
428,go**님,2022년 2월 28일,5,5,5,맛잇게잘먹엇습니다 !!
429,wn**님,2022년 2월 28일,5,5,5,맛있게 잘먹었습니당
430,24**님,2022년 2월 28일,5,5,5,항상 맛있게 잘먹고 있습니다!!
431,ka**님,2022년 2월 28일,5,5,5,"양도 많고 닭도 큰것 같고 좋아요
추억의 후라이드 맛이에요"
432,kk**님,2022년 2월 27일,5,5,5,배달 맛 너무 좋아요! 오랜만에 주문했더니 맛아요
433,lu**님,2022년 2월 27일,5,5,5,페리카나 치킨이 찾아왔어요
434,ju**님,2022년 2월 27일,5,5,5,맛있게 잘 먹었습니다
435,eo**님,2022년 2월 26일,5,5,5,페리카나는 항상 이집에서..
436,14**님,2022년 2월 25일,5,5,5,쿠폰이올때가있고 안올때가있네요? 이유가뭐죠
437,co**님,2022년 2월 24일,5,5,5,양념치킨이 맛있어요
438,cc**님,2022년 2월 24일,5,5,5,"생각보다 빨리 도착했어요~ 덕분에 따끈따끈한 치킨을 맛볼 수 있었어요^^
양도 엄청 푸짐하고 양념소스도 어릴때 먹던 그 양념소스 맛 이네요 넘 맛나요ㅜ"
439,au**님,2022년 2월 24일,5,5,5,맛있게 먹었어요
440,fl**님,2022년 2월 24일,5,5,5,너무너무너무 맛있어요!!! 페리카나 첨먹어보는데 맛나네요 상세설명 못보고 문자받기 체크했는데 친절히 가져다주셔서 감사해요!
441,al**님,2022년 2월 24일,5,5,5,냠냠짭짭쩝쩝뇸뇸늄늄
442,pe**님,2022년 2월 24일,5,5,5,맛있어요 ㅋㅋㅋㅋㅋ
443,tk**님,2022년 2월 24일,5,5,5,맛있어용
444,km**님,2022년 2월 24일,5,5,5,맛있게 잘 먹었습니다 ~~~^^
445,ev**님,2022년 2월 23일,5,5,5,푸짐하고 맛있습니다.
446,rl**님,2022년 2월 23일,5,5,5,맛있게 잘 먹었습니다
447,tr**님,2022년 2월 23일,5,5,5,페리카나 양념 맛있어요
448,ck**님,2022년 2월 22일,5,5,5,"여자친구랑 추억의 맛을 느끼려고 페리카나를 시킵니다. 맛은 물론이고 서비스가 너무 좋네요
이 시국에 배달비도 안 받으시고 콜라 서비스도 그렇고요.. 늦은 시간까지 배달해주셔서 감사했습니다
항상 잘 먹고 있습니다!
건강하시고 코로나 조심하십쇼 사장님❤️😊"
449,dr**님,2022년 2월 22일,2,3,5,요즘 양념부분 고기가 너무 질기고 살도 없는게 계속 되네요. 튀긴지 오래된 것처럼 드라이하고 질겨요 ㅠㅠ
450,rl**님,2022년 2월 22일,5,5,5,"배달해주시는 사장님이 정말 친절해서 먹기전부터 기분이 좋은집 입니다
진짜 페리카나 양념은 미텻습니다👍"
451,rl**님,2022년 2월 22일,5,5,5,진짜 맛있습니다 강추합니다
452,me**님,2022년 2월 22일,5,5,5,"주문이 많아서 치즈가루가 모자란건지
너무 가루가 안  묻어있었어요.
늘 시키는 곳이에요."
453,ji**님,2022년 2월 22일,5,5,5,잘먹었습니다~~~~
454,la**님,2022년 2월 22일,5,5,5,너무 맛있게 잘먹었습니다 배달 완전 빨라요 튀겨진 정도도 적당해서 좋았어요
455,gp**님,2022년 2월 22일,5,5,5,치킨이 너무땡겨서 퇴근전에 집으로 주문했어요 집에 사람이 없었는데 직접 전화 주시고 맛있게드시라고 친절하게 말씀해주셔서 좋았어요!! 치킨도 진짜맛있어요 다음에 또 주문하겠습니다
456,id**님,2022년 2월 22일,5,5,5,감사히 잘먹었습니다
457,dr**님,2022년 2월 22일,5,5,5,맛있게 잘먹었습니다
458,wo**님,2022년 2월 22일,5,5,5,키야 맛나유 소스 좀더 묻혀주시면 완벽
459,ro**님,2022년 2월 22일,5,5,5,배달 빠르고 친절하시고 양도 많고 양념 매우 맛있어요
460,cl**님,2022년 2월 22일,5,5,5,"페리카나 양념치킨 먹어보라고 친구가 추천했는데 
역시 맛있네요!! 닭도 큰거 같아요 ㅎㅎ"
461,hs**님,2022년 2월 22일,5,5,5,배달도 빠르고 친절하고 좋아요. 후라이드 항상 바삭하고 맛있습니다 추천합니다
462,su**님,2022년 2월 21일,5,5,5,퀄리티 좋고 맛있네요
463,gw**님,2022년 2월 21일,5,5,5,따뜻하게 와서 맛있게 먹었어요 ~ㅎㅎ
464,ju**님,2022년 2월 20일,5,5,5,남자친구가 너무 잘먹어서 뿌듯했어요^^
465,lo**님,2022년 2월 20일,5,5,5,맛있게 잘먹었습니다!
466,ba**님,2022년 2월 20일,5,5,5,"항상 주문하는데
맛있습니다
감사합니다"
467,ko**님,2022년 2월 20일,5,5,5,배달도 빠르고 맛있어요~
468,ba**님,2022년 2월 19일,5,5,5,"어렸을때 먹던 그맛 ㅠ
항상 친절하시고 맛도 쵝오!!"
469,lh**님,2022년 2월 17일,5,5,5,배달 빠르고 맛있어요
470,tb**님,2022년 2월 16일,5,5,5,사장님께서 직접 배달해 주셔서 그런지 엄청 음식 빨리 받았습니다 치킨도 너무 맛있게 잘 먹었어요~!!!
471,ra**님,2022년 2월 16일,5,5,5,페리카나는늘맛있어요~
472,   손님,2022년 2월 16일,5,5,5,사장님 너무너무 맛있어요 이사하고 처음시킨건데.. 치즈볼도 넘 바삭하고 치킨도 냄새 하나도 안나고 !!! 배달원이 사장님이신가요? 친절하세요 ㅎㅎㅎ 대박나세요 이제 자주 시켜먹을게요♡
473,14**님,2022년 2월 14일,5,5,5,옛날 치킨의 정석!! 후라이드는 보내주신 소금과 찍어먹으면 딱이구요 양념은 예전에 잘먹던 그 양념 맛이에요!!!
474,gu**님,2022년 2월 14일,5,5,5,거의다 먹고 찍어버렸네요ㅋㅋ
475,mi**님,2022년 2월 12일,5,5,5,"배달이 빠르고
맛있게 잘 먹었습니다 
감사합니다"
476,ko**님,2022년 2월 12일,5,5,5,왠만한 치킨 시켜도 여기만큼 맛있고 맛 일정하게 유지하는 곳이 없습니다 최고에요
477,lu**님,2022년 2월 12일,5,5,5,그저 갓 ! 잘먹었습니다
478,dl**님,2022년 2월 12일,5,5,5,맛도있고 배달도 빠르고 좋습니다
479,au**님,2022년 2월 11일,4,5,5,페리카나 순살은 처음 먹어봤는데 맨위에는 살이 너무 딱딱했는데 아래에는 괜찮았어요
480,os**님,2022년 2월 11일,5,5,5,맛있어요 양념치킨 순살이 딱 좋네요 자주 찾게 될거 같아요
481,be**님,2022년 2월 10일,5,5,5,맛있고 배달도 무료에 머무 잘 먹었어요
482,op**님,2022년 2월 10일,5,5,5,"많은 지역의 페리카나를 먹었는데 독산1호점 후라이드는 국민학교 시절에 먹었던 그 느낌 그대로 살아있어요. 양념도 적절하게 잘 묻어있어 예전 맛 그대로 잘 살려줘서 너무 맛있게 먹었습니다.
후라이드 5000원 양념 5500원 하던 시절로 돌아가 그 풍부하고 이국적 경험을 느끼게 해주신 사장님께 진심으로 감사드립니다. 반반이 아닌 두 마리를 싼 가격에(다른 가게는 이 돈으로 한 마리 먹는데) 먹게 되어 너무 감동을 받았습니다.
진정한 추억의 맛을 되살리고 풍족한 치킨이 생각날 때는 주저하지 마시고 독산1호점을 배달 시켜보세요^^"
483,xs**님,2022년 2월 9일,5,5,5,치킨의 근본은 페리키나
484,en**님,2022년 2월 8일,5,5,5,맛있게 잘 먹었어요
485,ck**님,2022년 2월 8일,5,5,5,"늦은 새벽에도 친절하게 배달해주셔서 감사합니다!
맛은 말해뭐해 너무너무너무 맛있고 제가 제일 젛아하는 옛날치킨ㅠㅠㅠㅠㅠㅠㅠㅠㅠㅠ 닭다리도 완전커요 또 시켜먹을거에요😂"
486,kg**님,2022년 2월 7일,4,5,5,오늘은 살짝 딱딱했어요 잘먹었습니다
487,ra**님,2022년 2월 6일,5,5,5,맛있구 양많구 좋아요~배달은 조금 기다려야해두 배달비가 없으니 좋아요~
488,rl**님,2022년 2월 6일,5,5,5,맛있게 잘 먹었습니다
489,pe**님,2022년 2월 4일,5,5,5,항상 맛있게 잘먹구 있습니다
490,sk**님,2022년 2월 4일,5,5,5,"추억의맛 그대로 입니다.
추억의맛 감사합니다
번창하세요~♡♡"
491,qk**님,2022년 1월 31일,5,5,5,"맛, 배달, 양  모두  만족합니다.
양념은  여기로  정착하려고요.
배달해주시는  분도  기분좋은 인사  감사합니다."
492,eo**님,2022년 1월 31일,3,3,5,혹시 미리 초벌 해두나요?  주문 들어오면  한번 더 튀켜서  나가는지..    이번에는 닭을 너무 튀겨서  살이  더덕처럼 질겨서 실망했네요. 이전에는 문제 없었구요
493,si**님,2022년 1월 30일,5,5,5,늘맛있게잘먹고있습니다 감사합니다!!^^
494,rp**님,2022년 1월 29일,5,5,5,맛있게  잘 먹엇습니다 감사합니다
495,90**님,2022년 1월 26일,4,4,5,"밤에 시켜서 그런가 기름 상태가 꽤 안좋았나봐요. 약간 거뭇거뭇하고 너무 육질이 딱딱해요.. 입안이 헐겠어요.
양념도 다른 지점보다 많이 쌔서 짜구요.. 좀 여러모로 아쉽습니다. 원래는 다른 지점 시켰다가 휴업이길래 시켜본건데.. 그럼 이만.."
496,do**님,2022년 1월 25일,5,5,5,배달도 빠르고 맛있게먹었습니다.
497,kc**님,2022년 1월 24일,5,5,5,양도 푸짐하고 어렸을때 먹던맛 그대로 맛있습니다~
498,hi**님,2022년 1월 24일,5,5,5,양념치킨하면 떠오르는 그맛입니다 맛있게 잘 먹었습니다
499,ko**님,2022년 1월 24일,5,5,5,양념 후라이드 모두 맛있습니다 추천
500,ki**님,2022년 1월 23일,5,5,5,배달하시는 사장님 친절하세요 새해인사를 아직까지 해주시다니 넘 고맙습니다 치킨 맛나게 먹고 힘낼께요
501,kj**님,2022년 1월 23일,3,4,4,예상 배달 시간보다 빨리왔어요
502,ki**님,2022년 1월 22일,5,5,5,배달하시는분이 너무 친절하시네요ㅠㅠ
503,jl**님,2022년 1월 21일,4,4,4,매운양념소스가 맛있어요
504,dr**님,2022년 1월 21일,4,3,5,요즘 양념닭에 살이 많이 없고 다 뼈에요...
505,cu**님,2022년 1월 19일,5,5,5,이 추운날 배달비도 안받고 너무 빨리 배달해 주셔서 감사합니다 맛도 최고에요!!!!
506,jh**님,2022년 1월 18일,5,5,5,잘먹었습니다 추억이 돋네요!!!
507,bo**님,2022년 1월 18일,5,5,5,아 어릴적 먹던 추억의 맛입니다 추억 잘먹겠습니다
508,dn**님,2022년 1월 16일,1,1,2,"치킨이 너무 탔어요ㅜ 먹으면서 나뭇가지를 먹는듯 해 불쾌했습니다~
배달오신분이 넘어지셔서 그냥 먹었는데
너무 먹기 힘들었어요"
509,go**님,2022년 1월 15일,5,5,5,"맛있어요!!
역시 믿고먹는 페리카나♡"
510,ji**님,2022년 1월 15일,5,5,5,요즘 페리카나 양념에 빠져있어요 ㅠㅠ
511,ch**님,2022년 1월 13일,5,5,5,양 맛 모두 맘에 들었고요 배달기사분도 친절해서 좋았습니다
512,ci**님,2022년 1월 12일,3,3,3,"배달 잘도착했고 옛날통닭맛이네요
잘먹었습니다"
513,ks**님,2022년 1월 12일,5,5,5,"맛도좋고좋은데요 앱에서 주문할수있는시간이거의준비중으로만뜨더라고요 ㅎ
아쉬울뿐.."
514,eo**님,2022년 1월 12일,5,5,5,페리카나는 항상 이집에서...  맛있습니다  친절하신 사장님 배달 조심히 하세요.
515,dl**님,2022년 1월 10일,5,5,5,"늘 맛있어요. 
새해 복 많이 받으십쇼"
516,in**님,2022년 1월 9일,5,5,5,옛날 느낌 치킨이라 맛있게 먹었어요 배달 감사합니다
517,lu**님,2022년 1월 9일,5,5,5,"두마리셋트 가격도 미쳤는데 배달료도 없음 
페리카나 양념은 진리고 여긴 더 유명해져야함"
518,de**님,2022년 1월 8일,5,5,5,직접 배달도 하시고 믿고 먹을 수 있는 집입니다!
519,vt**님,2022년 1월 8일,5,5,5,하아 순삭입니다 페리카나 반반순살 넘 좋아요
520,tr**님,2022년 1월 8일,5,5,5,배달 빠르고 바삭바삭 맛있어요
521,pe**님,2022년 1월 8일,5,5,5,너무 친절하시고 좋아요 ㅜㅜ 감동
522,dm**님,2022년 1월 8일,5,5,5,후라이드는 진짜 바삭하고 양념은 옛날양념통닭 맛이라 옛날생각나고 맛있었습니다
523,ri**님,2022년 1월 8일,5,2,3,"배달은 바쁘셨는지 50분정도 걸렸고, 튀김이 엄청 바삭하고 맛은 있는데 다른 리뷰들처럼 살이 진짜없는 마른 닭이에요;; 병든닭인가 싶을정도로... 암튼 살은 진짜 없네요.."
524,mu**님,2022년 1월 7일,5,5,5,"순살로 시켰는데.. 그 자리에서 먹을땐 맛있었어요.
양이 많아서 남겼다 다음날 먹을땐 후라이드는 너무 딱딱해서 못먹겠더라구요.
그런데.. 전날 받고 바로 먹었을 그 당시엔 엄청 맛있었다는거.. 감히 치느님을 남긴 제 잘못이라는거.. ㅎㅎ
다음에 또 이용할께요. 감사합니다."
525,jw**님,2022년 1월 7일,5,5,5,맛있어요.잘먹었습니다~~
526,tb**님,2022년 1월 7일,5,5,5,정말푸짐했고 맛있게 먹었습니다!!
527,ko**님,2022년 1월 7일,5,5,5,"배달도 사장님께서 직접 해주시고 
늘 맛있게 먹고 있습니다."
528,af**님,2022년 1월 6일,5,5,5,친절하신 사장님^^ 맛나게먹었어요 또 주문할게요
529,ma**님,2022년 1월 5일,2,4,4,"배달비 안 받으시려고 배달 하시는 것도 좋고 양도 많지만 
튀김이 너무 딱딱했습니다
이벤트 때문에 정신이 없으시겠지만
맛도 되돌아보실 필요가 있을 것 같습니다

만약 드신다면 순살 양념치킨을 추천합니다"
530,nk**님,2022년 1월 5일,5,5,5,맛있어요~~~~~~
531,id**님,2022년 1월 5일,3,5,5,맛은 페리카나답게 맛있는데 진짜 너무 딱딱했어요
532,an**님,2022년 1월 5일,5,5,5,맛있게잘먹었습니다~~
533,yu**님,2022년 1월 5일,5,5,5,맛나게 잘 먹었어요.
534,si**님,2022년 1월 5일,5,5,5,정말 맛있게 잘먹었습니다^^!최고에용
535,kk**님,2022년 1월 4일,5,5,5,맛있고 따뜻한 음식 잘먹었습니다 새해 복 많이 받으시고 건강하세요! 감사합니다
536,na**님,2022년 1월 4일,5,5,5,잘먹었습니다
537,st**님,2022년 1월 4일,5,5,5,친절 맛 배달 최고
538,ss**님,2022년 1월 4일,5,5,5,여기는 배달안 쓰고 직접 오시나봐요 사장님이 직접 배달하시는 거 같아요 배달 왔다고 전화도 해주시고 넘넘 친절하시네요!! 치킨도 맛있어용
539,ka**님,2022년 1월 4일,5,5,5,"#식후감.
#힘내세요
넘 맛나요"
540,hs**님,2022년 1월 4일,5,5,5,배달도 예정시간보다 빠르고 맛도 좋아요 추천합니다.
541,rf**님,2022년 1월 4일,5,5,5,제시된 시간 보다 1분정도 밖에 안늦었는데도 죄송하다 그러시는 분 첨 본것 같아요 다른 매장과 달리 직접 배달해서 배달비 없이 하시는것 같은데 소비자로써 근처에 이런가게 있다는거 자체가 복 받은듯 하고 앞으로도 장사 잘 되서 꼭 돈 많이 버셨음 좋겠네요감사합니다 그리고 잘 먹었습니다^^
542,yo**님,2022년 1월 4일,5,5,5,엄청 바삭하고 맛있었습니다^^
543,jy**님,2022년 1월 4일,5,5,5,"직접 배달해주시는거 같아요 
너무친절하시고 맛있습니다
사장님도 새해 복 많이받으세요~~"
544,ht**님,2022년 1월 4일,5,5,5,오랜만에 먹는 페리카나인데 너무 바삭하게 잘 먹었습니다
545,dr**님,2022년 1월 2일,5,4,5,맛있어서 여기 지점에서 몇년째 먹고 있어요 그런데 최근 연달아 2번 양념닭에 살이 너무 없어요 ㅠㅠ
546,su**님,2022년 1월 2일,5,5,5,맛잇어요!! 힘내세요
547,nk**님,2022년 1월 1일,5,5,5,맛있어요~~~~~~
548,ar**님,2021년 12월 31일,5,5,5,"후라이드가 바삭 바삭하고  맛있어요!
맥주랑 같이 먹으니 꿀맛입니다!"
549,ji**님,2021년 12월 29일,5,5,5,잘먹었습니다~~~~
550,ji**님,2021년 12월 28일,5,5,5,배달 빨랐어요 잘먹었습니다
551,be**님,2021년 12월 27일,5,5,5,크리스마스날도 쉬지않고 맛있는 치킨 배달해주셔서 잘먹었습니다^^
552,na**님,2021년 12월 27일,5,5,5,잘먹었습니다
553,ji**님,2021년 12월 26일,5,5,5,후라이드던 양념이던 최고입니다!!!
554,pe**님,2021년 12월 26일,5,5,5,"맛은 말할것도 없죠
배달도 빠르고 너무 좋아요~"
555,dl**님,2021년 12월 25일,5,5,3,"배달이 오래걸려서 치킨이 식어서 왔지만,,제가 워낙 닭고기를 좋아해서 그래도 맛있게 먹었습니당 !"
556,en**님,2021년 12월 23일,5,5,5,후라이드는 역시 페리카나
557,lu**님,2021년 12월 23일,5,5,5,가성비도 좋고 맛도 좋고 최고에요 !!!
558,ki**님,2021년 12월 23일,5,5,5,항상 맛있어요. 조금 먹다 찍었어요
559,5g**님,2021년 12월 23일,5,5,5,"정말 맛있게 잘 먹었습니다
추억의맛!!! 새벽은 치킨이 더 맛있는 느낌이네요ㅎㅎ
새벽시간까지 맛있게 만들어 배달도 직접해주시는
사장님, 앞으로도 믿고 주문하겠습니다~^^"
560,gh**님,2021년 12월 22일,5,5,5,맛있었어요!ㅎㅎㅎㅎㅎ
561,o3**님,2021년 12월 22일,5,5,5,맛있어요 오리지널 치킨 먹는 느낌이였어요
562,ks**님,2021년 12월 22일,5,5,5,"만족해요~같은페리카나라도 여기가 더바삭하게튀겨줘서 더좋아요
감사합니다~"
563,cu**님,2021년 12월 21일,5,5,5,예상 시간보다 배달 빨라서 더 바삭하게 맛있게 먹었어요 감사합니다!!!
564,el**님,2021년 12월 21일,5,5,5,맛있게 잘먹었습니다
565,ls**님,2021년 12월 21일,5,5,5,퇴근하고 집와서 씻구 티비보다 10시가 넘어서 급 치킨 🍗이 땡겨서 늦은시간을 감안하구 시킨 페리카나 독산1점 어제 할인두 크게 해줘서 두마리🍗 시켰는데 서비스로 무우 1개 더 주시고 양도 많구 맛나게 잘 먹었습니다~^^🙏👍👏👏😉 넘 늦은시간이라 조금만 먹구 낼 퇴근해서 데워 먹을예정ㅎㅎ👍👏 😉🤭대박나세요~🎉🎊
566,hs**님,2021년 12월 20일,5,5,5,배송도 빠르고 맛도 좋아요. 추천합니다 후라이드는 페리카나가 체고엥ㅎ
567,sa**님,2021년 12월 20일,5,5,5,정말 잘 먹었습니다
568,na**님,2021년 12월 19일,5,5,5,다리아프신데 가져다주신다고 고생하셨어요 진즉 알았더라면 2층도 안올라오시게 했을텐데ㅠ 뉸길 조심하셔요~~~
569,cu**님,2021년 12월 17일,5,5,5,너무맛있게 잘먹었습니다
570,ji**님,2021년 12월 16일,5,5,5,정말 오랜만에 맛있는 치킨 먹었네요 맛있습니다!!!
571,kj**님,2021년 12월 15일,5,5,5,"배달도 엄청 빠르고, 요청도 잘 반영해 주셨습니다. 잘 먹었습니다^^"
572,ko**님,2021년 12월 12일,5,5,5,배달 빠르고 치킨 너무 맛있습니다!!
573,sa**님,2021년 12월 6일,5,5,5,정말 잘 먹었습니다
574,ns**님,2021년 12월 5일,5,5,5,"엄마집 주문해드렸어요 항상 맛있죠
치킨은 페리카나가 젤 좋아요"
575,dp**님,2021년 12월 4일,5,5,5,존맛탱 진짜♡♡♡♡♡
576,ki**님,2021년 11월 30일,5,5,5,맛있게 잘먹었습니다
577,sa**님,2021년 11월 29일,5,5,5,정말 잘 먹었습니다
578,dh**님,2021년 11월 28일,5,5,5,맛있어요 배부르게 먹었어요 맛있어요 감사합니다
579,so**님,2021년 11월 28일,5,5,5,👍👍👍👍👍👍👍👍👍👍
580,wj**님,2021년 11월 27일,5,5,5,맛은 이동네 제일 좋아요
581,kc**님,2021년 11월 27일,5,5,5,"항상 맛있고 친절하십니다.
사업 번창하세요~"
582,fl**님,2021년 11월 26일,5,5,5,"치킨의 스탠다드 아닌가 싶어요 ~
돌고돌아 오랜만에 먹은 페리카나 인데
먹는 순간 추억돋고 입에 촥 감기는 맛이네요 ㅎㅎ
맛있게 잘 먹었어요 ~"
583,dy**님,2021년 11월 26일,3,5,5,"지난번에 독산1점 한번 시켜먹은 적 있었고 그때 맛있게 잘 먹었는데, 오늘은 튀김 옷이 너무 질겨서 턱이 아팠어요 양념도 질긴 느낌이 있었고 후라이드는 바삭하지도 않고 씹기 좀 힘들었습니다 
이유가 무엇인지는 잘 모르겠는데 어쨌든 지난번 시켜먹었을때와는 좀 달랐어요 ..

양은 푸짐했습니다! 뭔가 다른 지점보다 좀 더 푸짐한 느낌이었어요!"
584,ru**님,2021년 11월 25일,5,5,5,밥이랑잘먹었습니다~
585,ch**님,2021년 11월 25일,5,5,5,맛있네요 배달도 정확하고
586,do**님,2021년 11월 22일,5,5,5,먹다보니 전에 먹었던 반반사진이지만 진짜 너무 맛있게먹었습니다
587,xo**님,2021년 11월 19일,5,5,5,"독산1점 페리카나는 대한민국 1등 페리카나 입니다 진짜 너무 맛있어요 미쳤습니다… 
오늘은 조금 늦게 도착하셨지만 맛은 명품이였어요 
평상시에는 빨리 배달해주시니까 괜찮습니다!
기사님도 친절하시구 너무 너무 좋아요 꽃 길만 걸으세요!~~~"
588,db**님,2021년 11월 18일,5,5,5,배달도 빠르고 맛도 최고...!!!!!!
589,ha**님,2021년 11월 18일,5,5,5,진짜 바삭하고 양도 많고 좋아요!!
590,12**님,2021년 11월 17일,5,5,5,너무 맛잇어요오오오오오옹
591,jy**님,2021년 11월 17일,5,5,5,독산점 너무맛있어요!!
592,ak**님,2021년 11월 16일,5,5,5,완전 맛있게 잘먹었습니다!!
593,dr**님,2021년 11월 16일,5,5,5,평일이라 그런지 음식도 빨리 오고 맛있었어요
594,za**님,2021년 11월 14일,5,5,5,"치킨을 많이 먹어봤지만 배가 불러도 이렇게 들어가는 치킨은 처음이에요! 
사장님이 손수 배달해주셔서 친절하고 양도 둘이 먹으먼 항상 남아요 ㅠ 
뒀다 먹는거 안 좋아하는데도 맛있습니다😃"
595,le**님,2021년 11월 14일,5,5,5,뜨끈뜨끈허게 잘먹었습니다
596,lo**님,2021년 11월 13일,5,5,5,"맛있게 잘먹었습니다!
콜라 서비스 감사합니다."
597,ko**님,2021년 11월 12일,5,5,5,후라이드 맛집입니다 최고죠
598,ma**님,2021년 11월 12일,5,5,5,배송빠르고 맛있어요
599,ra**님,2021년 11월 11일,4,4,4,치즈볼도 맛있게 먹었습니다.
600,sf**님,2021년 11월 11일,5,5,5,항상 맛잇게 잘먹고있어요
601,na**님,2021년 11월 10일,5,5,5,잘먹었습니다
602,hs**님,2021년 11월 10일,5,5,5,배달도 빠르고 맛도 좋아요 추천합니다
603,qj**님,2021년 11월 10일,5,5,5,양념치킨 맛있어요~
604,ly**님,2021년 11월 9일,5,5,5,전화받고 배달하시는 분 모두 매우 친절하셨습니다!! 번창하시길 바라고 맛있게 먹었습니다!
605,su**님,2021년 11월 9일,3,5,5,시간이 지너서그런지 많이 식었어요ㅠㅠㅠ
606,ji**님,2021년 11월 9일,5,5,5,배달빠르고 맛나요:) 쿠폰주니 너무 저렴하게 잘 먹었습니다:!
607,na**님,2021년 11월 9일,5,5,5,잘먹었습니다
608,pd**님,2021년 11월 9일,4,4,4,페리카나 양념이 좀 달지만 괜찮음.
609,sy**님,2021년 11월 9일,5,5,4,페리카아 양념 진짜 맛있네요. 옛날식 양념통닭 맛이에요. 땅콩이 없어 아쉬웠어요. 조금 식어서 오긴했는데 원래 식은 치킨을 좋아해서 괜찮았구요. 다만 먹기까지 한시간 걸렸네요ㅜ 비오는날 주문했는데 성심성의껏 와주신거같아 감사했어요.
610,dr**님,2021년 11월 9일,5,5,3,맛있어요 주말에 너무 오래 걸리는 단점이 있지만
611,rf**님,2021년 11월 9일,5,5,5,행사로 시켜먹었는데 괜찮습니다
612,aa**님,2021년 11월 9일,5,5,5,튀김상태 최고에요…. 직접 배달하신다고 하셨는데 너무 친절하시고 제가 딱 원하던 옛날 양념치킨에 호프집 후라이드같은 치킨이오ㅏ서 너무 잘먹었습니다
613,ba**님,2021년 11월 8일,5,5,5,항상 시켜먹는데 맛있어요^^!!
614,ji**님,2021년 11월 8일,5,5,5,잘먹었습니다~~~~
615,js**님,2021년 11월 8일,5,5,5,"맛있어요,......"
616,jy**님,2021년 11월 8일,5,5,5,역시 페리카나 양념 너무맛있게 잘 먹었습니다!
617,id**님,2021년 11월 8일,5,5,5,감사히 잘먹었습니다
618,je**님,2021년 11월 1일,3,3,1,"카드현장결제한다고  주문했는데 배달하시는분이  밖에 비가
온다 어쩐다 하시더니  현금달라하심..어이가 없어서 말이안나옴"
619,kc**님,2021년 10월 31일,5,5,5,"너무 맛있게 잘 먹었습니다.
배달하시는 사장님도 친절하시구요.
감사합니다."
620,kc**님,2021년 10월 29일,5,5,5,"정말 맛있게 잘 먹었습니다.
감사합니다."
621,11**님,2021년 10월 28일,5,5,5,잘 먹었습니다.
622,sj**님,2021년 10월 23일,5,5,5,양념이랑 퍽퍽살이 제 취향이라 맛있네요
623,ji**님,2021년 10월 22일,5,5,5,"맛있게 잘먹었습니다~~
그런데 쿠폰은 이제 지급 안되는건가요???"
624,ji**님,2021년 10월 19일,5,5,5,맛잇고 양도 푸짐 하고‼️‼️‼️
625,ya**님,2021년 10월 18일,5,5,5,"양념소스가 넘 맛있네요~ 

맛있게 잘먹었습니다~^^"
626,ha**님,2021년 10월 16일,5,5,5,순살인데 부드럽고 진짲ㄴ짜 맛있어용
627,jj**님,2021년 10월 11일,5,5,5,맛있게 잘 먹었습니다~~
628,ju**님,2021년 10월 10일,5,5,5,맛있게 잘 먹었습니다 ~
629,tr**님,2021년 10월 10일,5,5,5,바삭바삭 페리카나 맛있어요
630,su**님,2021년 10월 10일,5,5,5,튀김도 바삭하고 맛있게 잘먹었습니다
631,20**님,2021년 10월 10일,5,5,5,최고에요!!늘 맛있어요!!
632,   손님,2021년 10월 9일,5,5,5,맛있게 잘 먹었습니다!
633,rf**님,2021년 10월 9일,5,5,5,간만에 후라이드 먹었는데 괜춘하네요
634,yg**님,2021년 10월 9일,5,5,5,배달&맛 모두 만족합니다...감사합니다...
635,kk**님,2021년 10월 8일,5,5,5,반반치킨 오랫만에 생각나서 주문했는데 넘 맛있네요
636,jh**님,2021년 10월 8일,5,5,5,"배달도 예상보다 일찍 와주셨고, 친절하게 전달해 주셨습니다. 맛있는 치킨과 무료 배달은 덤이구요! 앞으로도 자주 주문할게요~ 번창하세요!"
637,mw**님,2021년 10월 8일,5,5,5,맛있게 잘 먹었습니다
638,se**님,2021년 10월 8일,5,5,5,"배달도 예상시간보다 빨리왔고
닭도 실하고 무엇보다 배달비 무료가 혜자네요
너무 맛있게 잘 먹었습니다!"
639,pi**님,2021년 10월 8일,5,5,5,"음료 서비스도 줍니다
배달도 빠르고 맛있습니다"
640,yo**님,2021년 10월 8일,5,5,5,363727282882
641,ss**님,2021년 10월 8일,5,5,5,대만족하는데...추가소스 매운양념을 주문했는데...일반양념이 왔어요 ㅜㅜ 그래도 마음에 드니깐 그냥 먹겠습니다~~
642,rf**님,2021년 10월 8일,5,5,5,오랜만에 맛 있게 먹었네요 양념은 역시 페리카나
643,sj**님,2021년 10월 7일,5,5,5,아주 맛이 좋아요 냐암냐암 꿀맛
644,wj**님,2021년 10월 7일,5,5,5,맛있고 친절하세요^^
645,yo**님,2021년 10월 7일,5,5,5,532532632264264
646,tk**님,2021년 10월 7일,5,5,5,맛있어욤
647,hs**님,2021년 10월 7일,5,5,5,배달도 빠르고 맛도 좋습니다. 항상 맛있어요 추천합니다.
648,ok**님,2021년 10월 7일,5,5,5,"따뜻한 치킨상자를 열어보니 바삭한 치킨이 반기더군요
튀김 옷이 얇아서 식감이 좋았고 덜 느끼한거 같아요
원래 남편이 느끼하다고 치킨 많이 먹지는 못하는데 이 치킨은 잘 먹더라고요~
신기한게 염지 맛은 강하지 않거든요? 맵거나 자극적이지 않고 담백해요
닭 본연의 맛이 잘 느껴진다고 해야하나요..?
기본에 충실한 느낌..그런데도 안 느끼하네요
결국 둘이서 한 마리 다 먹었어요~
사진 먼저 찍고 먹으려했는데 손이 핸드폰으로 안가고 치킨만 잡고있어서 결국 한 마리 다 먹고 남은 한마리 사진만 찍었네요;;
덕분에 잘 먹었습니다~
#식후감"
649,we**님,2021년 10월 7일,5,5,5,배달 빠르고 양념치킨 맛있어요
650,na**님,2021년 10월 6일,5,5,5,잘먹었습니다
651,qj**님,2021년 10월 6일,5,5,5,"하이든 모짜르트 배토벤 그리고 페리카나 양념치킨




#식후감"
652,pd**님,2021년 10월 6일,5,5,4,치킨은 후라이드 양념이 진리죠 잘 먹었습니다.
653,kr**님,2021년 10월 6일,5,5,5,페리카나 너무 좋아요
654,jd**님,2021년 10월 6일,5,5,5,맛있게 잘먹었습니다 yeah
655,nk**님,2021년 10월 6일,5,5,5,맛있어요! 배달은 항상만족합니다
656,ji**님,2021년 10월 5일,5,5,5,너무 푸짐하고 맛도 좋아요:)
657,ju**님,2021년 10월 5일,5,5,5,배달빠르고 정말 맛있네요 ~
658,sf**님,2021년 10월 5일,5,5,5,페리카나는 항상 맛있어요
659,wj**님,2021년 10월 5일,5,5,5,"먹느라 사진도 못찍고 ^^
맛있어요 배달도 빨리 오시고"
660,yo**님,2021년 10월 1일,5,5,5,배달 엄청 빨라요 맛있어요~~
661,th**님,2021년 9월 29일,5,5,5,너무 맛있게 잘먹었어요 옛날에 먹었던 양념맛이라 너무좋았어요
662,ji**님,2021년 9월 28일,5,5,5,잘먹었여요~~~~~~~
663,pe**님,2021년 9월 27일,5,5,5,정말 맛있는 치킨 이예요 !
664,sl**님,2021년 9월 25일,5,5,5,굿!!!!!!!!!!!!
665,kj**님,2021년 9월 21일,5,5,5,배달 빠르고 맛있습니다~
666,cu**님,2021년 9월 17일,5,5,5,매운 양념 처음 시켰는데 적당히 매워서 맛있게 잘 먹었어요 감사합니다
667,bb**님,2021년 9월 17일,5,5,5,"페리카나가 또 이렇게 맛있다니!

#식후감"
668,pe**님,2021년 9월 16일,5,5,5,맛있어요요오오오오오
669,ah**님,2021년 9월 14일,5,5,5,맛잇어요 사장님 친절해요 짱장
670,al**님,2021년 9월 14일,4,5,5,"오늘치킨은 조금 그냥그랬습니다!
원래는 먹음직스러웠는데 저날은 유독 비실비실하더라구요ㅜ"
671,do**님,2021년 9월 13일,5,5,5,진짜 제가 좋아하는 튀김두께랑 양념이네요. 진짜 맛있게 먹었습니다!
672,is**님,2021년 9월 13일,4,5,4,잘 먹었습니다...
673,ju**님,2021년 9월 13일,5,5,5,역시 치킨은 페리카나
674,qj**님,2021년 9월 13일,5,5,5,맛있어요 예전에 먹던 치킨맛 입니다
675,dn**님,2021년 9월 12일,5,5,5,페리카나는 여기가 제일 맛있는거같아요!!
676,yo**님,2021년 9월 12일,5,5,5,4262673657
677,gu**님,2021년 9월 12일,5,5,5,요청사항과 시간도 잘지켜 주시고 너무너무 감사합니다~~^^
678,20**님,2021년 9월 11일,5,5,5,맛있게 잘 먹었습니다~!
679,rf**님,2021년 9월 11일,5,5,5,이벤트 기간임에도 예상 시간에 맞춰 잘 왔고 맛도 좋음
680,ov**님,2021년 9월 10일,5,5,5,와 진짜 오자마자 허겁지겁 먹었어요 너무 맛있네요 ㅎㅎ
681,hs**님,2021년 9월 10일,5,5,5,항상 맛도좋고 배달도 빨라요 추천합니다. 바삭하고 옛날 그맛 그대로에요
682,ji**님,2021년 9월 10일,5,5,5,두마리 치킨 가격이 저렴하네요~ 행사까지 해서 저렴한 가격에 잘 먹었습니다~ 후라이드가 식어서 약간 눅눅했던게 아쉬웠지만 맛있었습니다~
683,ho**님,2021년 9월 10일,5,5,5,무료배송에 너무 맛나게 먹었습니다
684,sf**님,2021년 9월 9일,5,5,5,바쁘실텐데 예정시간보다 빨리 배달해 주시고 맛있게 잘 먹었습니다
685,le**님,2021년 9월 9일,5,5,5,순살은 페리카나 맛있어요
686,bl**님,2021년 9월 5일,4,5,4,리뷰안쓰는사람이예요.리뷰쓰고악담하는사람싫어합니다. 음식을만들다보면머리카락이들어갈수있다는거알아요.그러니까위생에신경써서주방에서일하실때는덥더라도모자를꼭쓰셨으면해요.사장님신경써주세요.맛은좋았어요.
687,sa**님,2021년 8월 31일,4,5,5,"안은 좋았는데 겉은 너무바삭한...
바삭한거 좋아하시는분들은 좋아하실꺼같아요"
688,ba**님,2021년 8월 30일,5,5,5,"항상 시켜먹습니다.

맛있습니다~"
689,sj**님,2021년 8월 30일,5,5,5,퍽퍽살은 페리카나가 진리입니다. 치즈볼도 맛있네요. 사장님이 직접 배달오시는 것 같은데 믿고 먹습니다^^
690,fi**님,2021년 8월 28일,5,5,5,맛있게 잘 먹었습니다~!!!
691,ji**님,2021년 8월 27일,5,4,5,잘먹을게요~~~~~~
692,ju**님,2021년 8월 24일,5,5,5,맛도 맛있고 친절하셔서 잘 먹었어요^^
693,js**님,2021년 8월 19일,5,5,5,잘 먹었습니다 감사합미다~~
694,h0**님,2021년 8월 18일,5,5,5,저렴하고 맛있었어요!
695,jo**님,2021년 8월 17일,5,5,5,오랜만에 페리카나 순살로 맛있게 먹었어요
696,al**님,2021년 8월 17일,5,5,5,"배달도 예상시간보다 훨씬 빨리왔고 바삭하고 맛있는 치킨 맛있게 잘 먹었습니다
수고하세요~~"
697,qk**님,2021년 8월 17일,5,5,5,양도 많고 맛있어요. 앞으로 자주 시킬 것 같습니다.
698,vi**님,2021년 8월 17일,5,5,5,치키닝 맛있습니당ㅇㅇㅇ
699,qw**님,2021년 8월 17일,5,5,5,맛있게 잘 먹었습니다
700,ys**님,2021년 8월 16일,5,5,5,치킨이 정말 맛있습니다. 감사합니다
701,hs**님,2021년 8월 16일,5,5,5,항상 맛도 좋고 바삭하고 좋습니다 추천합니다
702,yo**님,2021년 8월 16일,5,5,5,46362727277
703,id**님,2021년 8월 16일,5,5,5,감사히 잘먹었습니다
704,jw**님,2021년 8월 15일,5,5,5,맛있게 잘먹었습니다.
705,dd**님,2021년 8월 15일,5,5,5,첨인뎅 기본이 맛있네요!
706,my**님,2021년 8월 15일,5,5,5,"어제 주문했었습니다. 너무 친절한 배달에 감사했습니다! 
배달 늦게오더라도 보통 그냥 두고 가는데 늦게오셨다고 양해구해주시고 치킨도 안 식고 잘왔더라구요."
707,mi**님,2021년 8월 15일,5,5,5,맛있게 잘먹었습니다
708,by**님,2021년 8월 14일,5,5,5,페리카나 양뇸 짱짱
709,al**님,2021년 8월 14일,5,5,5,"왜 사람들이 맛있다해도 안먹을까!?
페리카나가 홍보만하면 다른 치킨집 고객들 다 납치할텐데..
할인도좋고 진짜 다리날개콤보가 진리에요님들."
710,sj**님,2021년 8월 14일,5,5,5,사장님이 직접 오신거 같은데 너무 잘먹었습니다. 퍽퍽살 좋아요. 요즘 가성비 치킨.
711,kk**님,2021년 8월 14일,5,5,5,원하는 시간에 배달 주셔서 맛있게 잘 먹엇습니다.
712,dn**님,2021년 8월 14일,5,5,5,아닠ㅋㅋㅋ 진짜 겁나게 맛있어요.... 배달도 요청대로 신경써주시고.. 짱 빨리왔어용 헿 왜 페리카나 양념이 클래식인지 단박에 이해했습니다 ㅠ.ㅠ
713,ba**님,2021년 8월 13일,5,5,5,"친절하고 맛있어요
배달도 빨리와서 따뜻하네요"
714,sf**님,2021년 8월 13일,5,5,5,후라이드 바삭바삭하니 정말 맛있습니다. 소금도 안찍고 그냥 먹었어요!
715,po**님,2021년 8월 13일,5,5,5,"확실히 맛있어요~
튀김이 바삭하네욤"
716,tt**님,2021년 8월 13일,2,5,5,닭가슴살 좋아하시는분들한테는 순살추천
717,ka**님,2021년 8월 13일,5,5,5,"적당히 간도 괜찮고, 튀김옷도 얇으니 바삭하고 육질도 좋네요"
718,is**님,2021년 8월 13일,5,5,5,후라이드 정말 잘튀기신듯 합니다
719,pe**님,2021년 8월 13일,5,5,5,오랜만에 양념대신 후라이드를 시켜도 맛있네요~
720,lm**님,2021년 8월 12일,5,5,5,"공지사항을 못보고 문자남겨달라고 했네요ㅠㅠㅠ 죄송해용ㅠㅠ 그래도 친절히 전화도 주시고 맛있게 잘먹었습니다!!!! 포장도 너무너무 잘돼서 왔는데 배고파서 허겁지겁 먹었네요ㅋㅋㅋㅋ 또 시켜먹을게용
힘든시기 잘 이겨내시길 바랍니다 화이팅"
721,yu**님,2021년 8월 12일,5,5,5,맛있었어요.....
722,tr**님,2021년 8월 12일,5,5,5,배달 빠르고 맛있어요. 특히 후라이드 바삭하고 최고.
723,pe**님,2021년 8월 5일,5,5,5,항상 맛있는데 배달까지 빨라요~
724,sa**님,2021년 8월 2일,4,4,5,맛있게 잘먹었습니다 담에 또 시키려고 요
725,kj**님,2021년 8월 1일,5,5,5,배달도 빨랐구요. 반반인데 양념부분 넉넉히 주셔서 너무 좋았습니다!
726,na**님,2021년 7월 22일,5,5,5,바삭하고 맛있었어요 감사합니다
727,li**님,2021년 7월 21일,5,5,5,사장님 고생이 많으십니다
728,14**님,2021년 7월 19일,5,5,5,반반은 언제나 페리카나에서 ㅎㅎ
729,   손님,2021년 7월 19일,5,5,5,"매콤함이 조금 더 추가 되었으면 하는 바램이에요^^
배달, 음식 온도, 맛 다 좋았습니다"
730,na**님,2021년 7월 18일,5,5,5,잘먹었습니다
731,wo**님,2021년 7월 18일,5,5,5,양념은 페리카나><
732,su**님,2021년 7월 17일,5,5,5,맛있고 역시 페리카나에여
733,rf**님,2021년 7월 16일,5,5,5,이벤트 기간이라 배달이 좀 늦었지만  나머진 다 괜찮았네요
734,jw**님,2021년 7월 16일,5,5,3,처음 배달오실때부터 항상 벨과문을 동시에.... 저희집 강아지가 짖어서 문자요청했다가 어느순간 문자어렵다고 적어놓으셨길래 이후 어쩔수없이 문앞에두고 벨눌러주시라고 남기는데 둘다동시에 매번 쾅쾅거리셔서 개랑사람이랑 동시에 놀라요ㅠ 구구절절 요청사항 남겨주셔야 들어주실런지..  치킨은 항상 정말맛있습니다. 다음부턴 부탁드립니다^^
735,er**님,2021년 7월 15일,5,5,5,츄러스치즈볼이 맛있었어요.
736,we**님,2021년 7월 15일,5,5,5,배달은 늦지만 사장님 친절하시고 푸짐하고 맛있어요
737,ha**님,2021년 7월 14일,3,5,1,"배달시간 1시간30분 걸림
치킨 당연히 다 식었음, 맛은 괜찮음
배달메세지 미준수
+콜라 열자마자 탄산폭탄 맞아서 난리남
이벤트날 감안하더라도 너무 괴로운 식사였음"
738,ns**님,2021년 7월 11일,5,5,5,엄마집에 보내드렸어요 맛있게 잘드셨다고 하네요
739,su**님,2021년 7월 11일,4,4,4,오늘도 잘 먹었습니다.
740,ch**님,2021년 7월 2일,1,1,1,"매번 시킬때마다 쿠폰 모아왔고 9장 모아서 이번시키면 10장이 되어 기대하며 시켰으나, 쿠폰이 안와 문의하니, 배달료등의 문제로 쿠폰이제 안나간다며 안된다네요

아니 이런건 메인화면에 안내를하시던가, 
문의했을때 쿠폰끝이라며 그냥 안된다는식의 성의없는 태도는 너무 한거같습니다.  

별거아니지만,  소비자 기망행위나 다름없는것 같네요.
그동안 믿고 시킨 단골이지만 미련없이 거릅니다."
741,   손님,2021년 7월 1일,5,5,5,"페리카나는  오랜만에먹어도  
옛맛그대로네요ㅋㅋ
진짜 양념치킨하면 페리카나 같아요ㅋㅋ
후라이드도  튀김옷이 두껍지않고 겉바속촉이에요ㅋㅋ
맛있게잘먹었습니다:)"
742,dm**님,2021년 6월 24일,5,5,5,"제가 찾던 옛날 튀김 옷 이네요
맛있습니다"
743,wo**님,2021년 6월 18일,5,5,5,정말 오랜만에 페리카나 먹었는데 여전히 옛날의 맛 그대로 맛있네요! 요즘 엄청 부드러운 순살을 사용하는 곳이 많아서 거기에 비하면 좀 퍽퍽살 같지만 맛있게 잘 먹었습니다!
744,   손님,2021년 6월 15일,5,4,5,"페리카나는 양념반 후라이드반이 최고입니당^^
양념 마늘향때문에 맛있어요~"
745,ji**님,2021년 6월 15일,5,4,4,순살양념너무맛있여요~~
746,rl**님,2021년 6월 13일,5,5,5,옛날 느낌나고 너무 맛잇었어요
747,wo**님,2021년 6월 12일,4,4,4,사알짝 아쉽지만 맛나요
748,tt**님,2021년 6월 11일,4,5,5,"잘먹었습니다~!!!
맛,양 모두만족!
문앞에두고 노크부탁드렸는데...
받으로 나올때까지 두드리셔서 당황했네요ㅜ"
749,pn**님,2021년 6월 9일,5,5,5,"맛나게 잘먹었습니다~  
날씨가 많이 더워졌습니다
힘내세요~"
750,ch**님,2021년 6월 9일,5,5,5,사장님 너무 친절하시고 맛있어요
751,lb**님,2021년 6월 8일,5,5,1,"문앞에 두고 가 달라고 부탁했는데 매번 벨눌러서, 코로나 비 대면 시대에 좀 안맞지 않나 싶네요? 치킨자체는 매우 맛있습니다."
752,pi**님,2021년 6월 8일,5,5,5,"몬가 옛날치킨스러운 맛을 좋아하면
이집추천
일단 배달대행업체 쓰는게 아닌듯하여
재주문하려고 합니다"
753,ap**님,2021년 6월 8일,5,5,5,정통양념치킨맛과 바삭이는 후라이드 정말 맛있어요
754,tr**님,2021년 6월 8일,5,5,5,바삭하니 맛있었어요
755,pn**님,2021년 6월 8일,5,5,5,맛있게 잘 먹었습니다
756,jw**님,2021년 6월 7일,5,5,5,잘먹었어요. 오래걸리긴했지만 맛은좋아요~
757,na**님,2021년 6월 7일,5,5,5,잘먹었습니다
758,pr**님,2021년 6월 6일,1,1,1,최악이네요 6시 10분 출발햇다 ㅋ톡오고 7시 19분에 받았습니다  하도 안와 취소하려고 가게전화했는대 예기하는도중 출발했다고 하고 그냥 끊어 버리네요 예상시간보다1시간 늦게 받는건 괜찮은대 기분이 너무 안좋네요
759,gu**님,2021년 6월 6일,5,5,5,"어릴때 먹었던 페리카나 맛이 그리워 시켰는데, 추억속의 맛을 그대로 느낄 수 있었습니다! 역시 치킨은 페리카나"
760,cr**님,2021년 6월 4일,5,5,5,시간이 좀 걸리긴했지만 맛은 있습니다
761,mw**님,2021년 6월 4일,5,3,5,"맛있게 잘 먹었습니다
 닭이 조금 빼 빼 하네요"
762,   손님,2021년 6월 4일,5,5,5,맛잇게 먹었어요ㅎㅎ
763,   손님,2021년 6월 4일,5,5,5,쿠폰행사로 늦게 받았지만 맛있게 튀겨 주셔서 맛있게 잘먹었습니다 다음에 또 주문할것같아요
764,ex**님,2021년 6월 4일,5,5,5,"이벤트 기간이라 좀 늦었지만 맛있게 잘 먹었습니다 :)
감사합니다!"
765,om**님,2021년 5월 29일,5,5,5,"맛있게 먹었어요
먹니라 바뻐서 사진도 못찍었네요"
766,ri**님,2021년 5월 29일,5,5,5,페리카나는 양념이 더 맛있는거 같아요. 잘먹었습니다.
767,ki**님,2021년 5월 26일,5,5,5,잘 받았습니다. 수고하세요
768,   손님,2021년 5월 26일,5,5,5,짱짱맛있습니다아아아아
769,ju**님,2021년 5월 22일,5,5,5,맛있게 잘먹었습니다~~
770,yy**님,2021년 5월 22일,5,5,5,맛있는 치킨입니다 감사합니다
771,tr**님,2021년 5월 7일,5,5,5,"배달도 빠르시구 맛은 당연히 쵝오!!!!^^ 

너무맛있게잘먹었습니다~!!

옛날 양념치킨이 그리웠는데 딱 그맛입니다~!! 

사업 번창하세요!!!!^^"
772,ns**님,2021년 5월 6일,5,5,5,이사간 동네에 페리카나 없어서 엄마집 간김에^^
773,na**님,2021년 5월 5일,5,5,5,후라이드도 고소하고 맛있어요
774,pe**님,2021년 5월 5일,5,5,5,페리카나는 반반이 진리~
775,ra**님,2021년 5월 4일,5,5,5,맛있어요~페리카나 매장중에서도 최고~!
776,lb**님,2021년 5월 3일,5,5,5,양념치킨의 원조답게. 옛날 그맛 그대로 좋아요
777,   손님,2021년 5월 3일,4,5,5,양념치킨 양념이 쫌 짰어용~~~~
778,sa**님,2021년 5월 3일,4,4,4,맛있게  잘먹었습니다  담에 또 시키려고 요
779,wj**님,2021년 5월 3일,5,5,5,페리카나 치킨이 찾아와성요
780,rk**님,2021년 5월 2일,5,5,5,시켜 먹을때마다 맛있게 먹고 있어요 근처에서 후라이드는 제일 맛있는것 같네요
781,ta**님,2021년 5월 2일,4,5,5,금요일에 시켜서 잘 먹었습니다
782,o3**님,2021년 5월 2일,5,5,5,맛있게 잘 먹었습니다
783,om**님,2021년 5월 1일,5,5,5,"좋아요
양도 많고 제가 좋아하는 정도의 순살이에요
다른메뉴 순살이 없어서 아쉽네요"
784,14**님,2021년 5월 1일,5,5,5,왜 쿠폰이없나요.. ?
785,xs**님,2021년 5월 1일,5,5,5,옛날치킨 같은 느낌있네요
786,os**님,2021년 5월 1일,5,5,5,"그립던 옛날양념치킨맛 같아요
한국인이 딱 좋아하는 양념맛이라 좋아요
이래서 페리카나 다들 찾으시나봐요
가게에서 배달까지 사장님이 직접관리하시니
정말 믿음직 스러워요"
787,ya**님,2021년 4월 30일,5,5,5,맛잇고 배달도 빨랏어요~
788,zi**님,2021년 4월 30일,5,5,5,맛좋습니다!!!!!!!
789,st**님,2021년 4월 30일,5,5,4,맛있어요 번창하세요
790,al**님,2021년 4월 30일,5,5,5,"배달도 빨리왔고 바삭하고 맛있는 치킨 맛있게 잘 먹었습니다
수고하세요~~~"
791,su**님,2021년 4월 30일,4,4,4,"감사합니다
잘먹었어요"
792,hs**님,2021년 4월 30일,5,5,5,배달 빠르고 맛도 좋아여. 바삭바삭 페리카나 후라이드 추천합니다.
793,qw**님,2021년 4월 29일,5,5,4,맛있게 잘 먹었습니다
794,tk**님,2021년 4월 29일,5,5,5,배달도 빠르고 맛있습니당~~
795,ba**님,2021년 4월 29일,5,5,4,생각보다 빨리 왔고 맛있어요😁
796,na**님,2021년 4월 28일,5,5,3,배달이 오래 걸리긴 했는데 잘먹었습니다
797,kt**님,2021년 4월 28일,5,5,5,"오늘 요기요 페리카나 할인이라서 주문이 엄청난거같아여
배달이 좀더 소요되었지만 너무마싯어용
치킨잘먹겠습니다"
798,rl**님,2021년 4월 28일,5,5,5,존맛탱!!!!!!!!
799,tr**님,2021년 4월 28일,5,5,5,여기 후라이드 최고에요. 바삭바삭 촉촉.
800,xe**님,2021년 4월 27일,5,5,5,아주 맛있었어요 추억의 양념치킨 아주 만족스럽습니다~!!
801,at**님,2021년 4월 27일,5,5,5,"항상 너무 맛있게 잘 먹고 있습니다
배달해주시는분도 너무 친절하십니다
감사합니다!! 잘먹었습니다!"
802,jh**님,2021년 4월 27일,5,5,5,맛있게 잘 먹었습니다!
803,hu**님,2021년 4월 27일,5,5,5,사장님 배달 비도 없이 배달해 주셔서 정말 감사드려요~^^ 그럼 항상 건강하셨으면 좋겠고 행복한 나날들만 가득하시길 진심으로 바랄게요^♡^
804,ji**님,2021년 4월 27일,5,5,5,"너무 맛나요! 
어릴 때부터 먹던 맛"
805,ra**님,2021년 4월 24일,1,1,1,잘먹었어요 ^^ ㅎㅎ
806,rk**님,2021년 4월 24일,5,5,5,배달도 친절하시고 맛있어요 특히 후라이드가 맛있습니다
807,ko**님,2021년 4월 24일,5,5,5,"늦은시간에 배달 요청했음에도 빨리 배달해주시고
맛도 뛰어난 치킨!!"
808,cu**님,2021년 4월 21일,5,5,5,역시 양념은 페리카나에요 맛있어요👍👍
809,om**님,2021년 4월 21일,5,5,5,"맛있고 양도 많아요
다른 메뉴들도 순살이 있으면 더 좋을거 같은대 
조금 아쉽네요"
810,su**님,2021년 4월 18일,5,5,5,"간장치킨 짜지도않고 딱적당히 간되오서 왔네요 
배달도 빨리오셔서 닭이 뜨거워서 못먹을정도였습니다"
811,sc**님,2021년 4월 18일,5,5,5,항상 친절하고 배달도 빠르고 좋아야!!!!
812,mi**님,2021년 4월 16일,5,5,5,오래만에 시켯는데역시 맛있어요
813,ki**님,2021년 4월 15일,5,5,5,"멸치보러가야하는디 
언제나 맛나요^^~
쿠폰실종입니다요ㅎ"
814,   손님,2021년 4월 11일,5,5,5,항상 시켜먹는데 맛있어요~~
815,xo**님,2021년 4월 10일,5,5,5,"역시 치킨은 페리카나 페리카나는 독산점
기사님 항상 친절하십니다 ㅜㅜ 정말 빨리 도착하셔서 치킨도 따끈따끈 갓 튀긴 치킨이였습니다
오늘도 참 맛있게 먹었습니다!  감사합니다 기사님 운전 조심히 하세요~!"
816,su**님,2021년 4월 7일,5,5,5,"오늘도 맛있게 잘 먹었습니다.
근데 이번에 쿠폰이 안왔어요. 다음 주문때 기억해 
주시려는지 모르겠지만"
817,al**님,2021년 4월 6일,4,5,5,예전엔 페리카나되게 좋아했는데 이젠 약간 물리는 맛이네요ㅠ 제 취향이 변했나봐여
818,yj**님,2021년 4월 5일,5,5,5,양도 많고 맛도 있었어요! 뼈도 검지 않아서 좋았어요.
819,na**님,2021년 4월 5일,5,5,5,잘 먹었습니다
820,ch**님,2021년 4월 3일,5,5,5,두마리세트인데 닭도 치킨도 맛있고 변함없는 페리카나 잘먹었습니다
821,54**님,2021년 4월 2일,4,4,5,배달도 빠르고  맛있어요
822,ri**님,2021년 4월 2일,4,5,5,30분만에 왔어요. 먹기바빠서 사진을 못 찍었네요;; 맛있게 잘먹었습니다~
823,cm**님,2021년 4월 2일,5,5,5,리뷰가 늦었네요. 요 몇년간 받아본 치킨중 제일 묵직했습니다. 닭 자체가 크기가 큰거같고 정말 기본에 충실하면서 맛있습니다. 양념의 근본이네요. 양념은 페리카나 기억하겠습니다.
824,ps**님,2021년 4월 2일,5,5,5,"사장님이 직접와 주셨는데 치킨 양도 정말 푸짐, 바삭!! 잘먹었네요~ 감사합니다~~!"
825,es**님,2021년 4월 2일,5,5,5,"할인해서 번갈아가며 안먹어본거 맛보는중인데요
치킨이즈 뭔들이죠 ㅋ
그래도 페리카나는 역시 양념이긴해요
맛있게 잘 먹었습니다^^"
826,dl**님,2021년 4월 2일,4,4,4,잘먹었어요~~~!'
827,   손님,2021년 4월 1일,5,5,5,"양념치킨을 시켰는데 페리윙이 왔어요
근데 더 맛있네요..
다음부턴 페리윙 시키려구요"
828,l0**님,2021년 4월 1일,5,4,5,잘 받았습니다 감사합니다 다음에 또 주문할게요
829,w_**님,2021년 3월 31일,5,5,5,잘먹었습니다!!!근데조각이 왤케 커요!!
830,mm**님,2021년 3월 31일,5,5,5,"감사합니다 
맛있게잘먹었습니다"
831,tb**님,2021년 3월 31일,5,5,5,배달도 빨리왔고 정말맛있어요ㅎㅎ 감사합니다!!
832,el**님,2021년 3월 31일,5,5,5,배달빠르고 맛있어요
833,dy**님,2021년 3월 31일,5,5,5,양념은 페리카나가 갑입니다
834,go**님,2021년 3월 31일,5,5,5,양념치킨은 페리카나죠ㅎ
835,ch**님,2021년 3월 31일,5,5,5,맛있어요 좋아요 오오
836,ki**님,2021년 3월 31일,5,5,5,너무 정신없이 먹다 찍었어요ㅎㅎㅎ할인 많이 되는날인데 빨리 왔어요. 감사합니다
837,gr**님,2021년 3월 31일,5,5,5,"안녕하세요 사장님 
방금전에 오셨는데 제가 주소를 제대로 적지않아서 
10분이나 고생하셨었는데 
바쁜와중에 전화를 못받아서 정말 죄송합니다.

그래도 음식 정말 맛있게 먹고있습니다 
다음에 또 주문할게요 
감사합니다"
838,oh**님,2021년 3월 31일,5,5,5,맛있게 먹었어요!
839,pe**님,2021년 3월 31일,4,5,4,"간만에 정통옛날 후라이드치킨 
* 맛있게 잘먹었어요
이거 쓰고 바로 재주문 합니다"
840,im**님,2021년 3월 31일,1,1,1,페리윙 양념 주문했는데 그냥 양념치킨한마리를 보내셨네요. 반품하려다가 5천원 할인하는 날이어서 그냥 참고 넘어갑니다
841,rh**님,2021년 3월 31일,5,5,5,배송이 너무 느려서 식어서 도착해요.
842,gk**님,2021년 3월 30일,5,5,5,이집은믿고먹습니다 추천
843,gn**님,2021년 3월 30일,5,5,5,배부르게 잘먹었습니다 불맛도 나구요ㅎ
844,we**님,2021년 3월 30일,5,5,5,배달 빠르고 양 많고 맛있어요. 사장님 감사합니다.
845,ho**님,2021년 3월 30일,5,5,5,"너무 잘 먹었습니다ㅎ
양 많고 맛나고 최고에요ㅎ"
846,su**님,2021년 3월 30일,5,5,5,"오늘할인해서 바빴을텐데 배달엄청빨리왔어요
~~ 먹다가 찍었는데 양념도 많고 맛있었어요"
847,al**님,2021년 3월 30일,5,5,5,"배달하시는분 사장님이신지 엄청 친절하시네요~~배달도 빨리왔고 바삭하고 맛있는 치킨 정말 맛있게 잘 먹었습니다
수고하세요~~^^"
848,kk**님,2021년 3월 29일,5,5,5,잘 먹었습니다 ~~~
849,hm**님,2021년 3월 29일,5,5,5,"맛있게 잘 먹었어요~
또 시켜 먹을께요^^"
850,id**님,2021년 3월 21일,5,5,5,맛있게 잘 먹었습니다~~
851,   손님,2021년 3월 21일,5,5,5,아최고치킨넘맛있음 중독됫어요
852,jw**님,2021년 3월 11일,5,5,5,전보다 양념농도가 묽었는데 그래도 맛있게 잘먹었어요~
853,my**님,2021년 3월 11일,5,5,5,"와이프가 초등학교때부터 시켜먹던 곳입니다.
그시절부터 지금까지 한결같은 맛이랍니다.
양은 무지막지하고.. 뜨겁고, 바삭하고...
후라이드의 정석이라고 생각합니다.

사장님!! 직접 배달오신거 같았는데 인사를 제대로 못드렸니요. 언제나 맛있는 음식 정말 감사드립니다!!"
854,su**님,2021년 3월 5일,5,4,5,배달도 빠르고 맛있어요
855,n3**님,2021년 3월 1일,5,4,4,맛나요 금정산본리점 짱짱
856,ki**님,2021년 2월 28일,5,5,5,"잘먹었습니다

다만 매운이 아니고 일반 반반으로 배달 온듯해요

맛이있어서 그냥 먹었답니다

배달하시는분 친절^^//"
857,gj**님,2021년 2월 19일,5,5,5,맛있게 잘 먹었습니다
858,le**님,2021년 2월 17일,5,5,5,맛있게 잘 먹겠습니다 감사합니다~~
859,zn**님,2021년 2월 17일,5,4,5,이상하게 후라이드는 정말맛있는데 양념 먹자마자 마늘 맛이 좀 많이나서 입맛을 잃네요 잘먹었습니다
860,tk**님,2021년 2월 16일,5,5,5,크!!!맛있어요~~
861,tj**님,2021년 2월 15일,5,5,5,"늘 한결같아요 ㅎㅎ 사장님 너무 친절하시고
양념이 바삭바삭하여 더 맛있습니다
번창하세요 ♥"
862,sh**님,2021년 2월 14일,5,5,5,추천이요~~~~~~~~
863,eg**님,2021년 2월 12일,5,5,5,닭강정 맛 나면서 너무 맛있었습니다 ><
864,tj**님,2021년 2월 9일,5,5,5,맛있게 잘 먹었습니다
865,sc**님,2021년 2월 6일,5,5,5,맛잇어여!!!!!!
866,tj**님,2021년 2월 5일,5,5,5,"순식간에 먹을까봐 치킨 받자마자 찍었어요.
튀김옷도 적당히 얇고 바삭하고 너무맛있게 먹었어요^^
배달시간도 예상시간보다 훨씬 빨리 걸렸습니다.
안전운행 하세요~"
867,hs**님,2021년 2월 5일,5,5,5,항상 맛있는 페리카나 추천합니다
868,ri**님,2021년 2월 3일,5,5,5,순살치킨 너무 맛있음~~
869,jw**님,2021년 2월 3일,5,5,5,오랜만에 먹는데 맛있게잘먹었어요.
870,yh**님,2021년 2월 3일,5,5,5,빠른 배달과 양념 후라이드 둘 다 순삭 맛있어요
871,jj**님,2021년 1월 25일,5,5,5,맛있게 잘 먹었습니다 ㅎㅎ~~
872,hu**님,2021년 1월 24일,5,5,5,"배송 빠르고 양많고 너무 맛잇엇어요
후라이드 바삭하로 양념은 머 유명하고요 ㅎㅎ"
873,du**님,2021년 1월 24일,4,5,5,"후라이드는 맛이 좀 아쉽고
양념은 맛있어요"
874,le**님,2021년 1월 22일,5,5,5,옛맛 그대로군요 짱
875,au**님,2021년 1월 21일,5,5,5,배달이 예상시간보다늦었지만 식지않게와서 좋았습니다
876,to**님,2021년 1월 20일,5,5,5,배달 빠르고 양 많고 맛있어요. 감사합니다.
877,ki**님,2021년 1월 20일,5,5,3,맛있는데 할인 되는 날이라 그런지 1시간40분만에 받았어요ㅜㅜ 60분인줄 알고 주문했는데...그래도 사장님은 친절하세요~~번창하세요
878,un**님,2021년 1월 20일,5,5,5,맛있고 예상시간보다 빨리와서 좋았네뇬 바삭바삭 튀김이 맛있었어여
879,ko**님,2021년 1월 20일,5,5,5,배달도 빠르고 맛있어요☺️
880,xo**님,2021년 1월 19일,5,5,5,"치킨 맛은 정말 맛있었습니다 역시 페리카나죠~
날 추은데 기사님께서 직접 기다려주시고 너무 고마웠습니다
기사님 덕분에 별 5개 드립니다!~"
881,   손님,2021년 1월 17일,5,5,5,양념은 역시페리카나
882,   손님,2021년 1월 16일,5,5,5,맛좋아요.배송도빠르고 친절해요.두번째주문
883,ky**님,2021년 1월 16일,3,3,5,딱딱한순살은 별로 안좋아해서리
884,lb**님,2021년 1월 16일,3,5,5,흠... 순살을 시켜 봤는데 좀 딱딱했습니다. 개인적으론 뼈 치킨을 추천합니다. 훨씬 맛있어요.
885,kp**님,2021년 1월 15일,4,4,4,맛 있게 잘먹었네요
886,8s**님,2021년 1월 15일,5,5,5,늦은 새벽 배달 감사합니다 맛있게 잘 먹었습니다!
887,rh**님,2021년 1월 13일,5,5,5,잘 먹었습니다~~~
888,tj**님,2021년 1월 11일,5,5,5,맛있게 잘 먹었습니다~
889,pe**님,2021년 1월 10일,4,4,4,"추운 날씨에 배달오셔서 감사합니다
항상 맛있는데 오늘은 튀김옷이 좀 덜튀겨진듯한게
있어서 아쉬웠습니다"
890,gu**님,2021년 1월 10일,3,3,2,"ㅜㅜ 배달시간 지나서 전화하니까 도리어 화를 냅니다,,,, 눈오고 2틀 지난날인데 기다리지 못하냐고 혼났네요"
891,   손님,2021년 1월 9일,5,5,5,눈와서 많이 힘드실텐데 감사합니다
892,hs**님,2021년 1월 8일,5,5,5,역시 바삭바삭하고 맛있어요. 추천합니다
893,03**님,2021년 1월 8일,4,4,5,닭이 좀 작고 튀김옷이 딱딱했지만 양념이 맛있어요
894,em**님,2021년 1월 7일,5,5,5,오랜만에  양념   갈릭도 땡기네..
895,db**님,2021년 1월 7일,5,5,5,"페리카나는 무조건 독산1점입니다.
맛있게 잘먹었습니다.
배달 조심하세요~~"
896,   손님,2021년 1월 7일,5,5,5,배달도 빠르고 맛있어요~
897,kn**님,2021년 1월 6일,5,4,5,맛있습니다!! 또 주문하겠습니다!!
898,jy**님,2021년 1월 3일,5,5,5,맛있게  맛있었어요
899,si**님,2021년 1월 2일,5,5,5,너무 맛있게 잘먹었습니다♡
900,ch**님,2020년 12월 29일,5,5,5,"항상 최고입니다
잘먹었습니다"
901,sc**님,2020년 12월 26일,5,5,3,양념을 시켰는데 반반이 왔어요ㅠㅠ
902,   손님,2020년 12월 25일,5,5,5,행볻하세요모두다행복
903,kz**님,2020년 12월 25일,5,5,5,맛있습니다 배달도 굿
904,   손님,2020년 12월 23일,4,5,5,"반반시켰는데 양념만 왔어요 
오늘 할인행사라 많이 바쁘셨나봐요 
2시간이나 걸리더라구요 
다음에는 쫌만 신경써서 보내주세요"
905,ex**님,2020년 12월 23일,5,5,5,맛있게 잘먹었어요!
906,sc**님,2020년 12월 23일,5,5,5,배달도 빠르고 양념 꿀맛
907,jj**님,2020년 12월 20일,5,5,5,"맛있게 잘 먹었습니다~~~
다음에 또 주문할게용"
908,ri**님,2020년 12월 18일,5,5,4,"불금에 집에서 치맥합니다.
다른 치킨집에 비해 배달시간은 짧았습니다.
맛은 다 아는 그 치킨맛..
집에서 치맥은 정답인거 같아요."
909,lo**님,2020년 12월 17일,5,5,4,"너무 맛있어요^^ 양도 푸짐하고요 60계 푸라닭 맛닭꼬 bhc를 다이기는 맛입니다^^ 치킨은 페리카나 반반치킨이 짱이에요♡
배달시간이 많이 늦었다고 배달하시는분이 죄송하다고하셨는데..
예상시간보다 20분정도 늦게왔어요 그래도 전 맛있어서 페리카나 계속 시킬꺼에요"
910,   손님,2020년 12월 16일,5,5,5,빨리 배달와서 따듯하게 먹을 수 있었습니다
911,na**님,2020년 12월 15일,5,5,5,저희집 배달하기 힘든 4층인데 웃으면서 배달해주셔서 죄송했지만 감사했어요^^ 덕분에 치킨맛도 꿀맛이네요^^
912,jy**님,2020년 12월 14일,5,5,5,"항상 맛있고
친절하셔서 늘 기분 좋은 곳이에요^^"
913,sm**님,2020년 12월 13일,5,5,5,잘먹었어요~
914,gk**님,2020년 12월 11일,5,5,5,"2마리는 1마리랑닭호수가 다른가보네요
맛은 진짜최고@!!!!!"
915,na**님,2020년 12월 9일,5,5,5,페리카나는 사랑입니다
916,   손님,2020년 12월 5일,5,5,5,양념치킨은 역시 페리카나!!!
917,lo**님,2020년 12월 2일,5,5,5,역시맛있어요ㅎㅎ즐겨먹네요
918,ha**님,2020년 11월 29일,5,5,5,"배달도 빠르고 배달해주시는 분도 친절하시고
맛있습니다
또 시킬게요 잘먹었습니당"
919,es**님,2020년 11월 29일,5,5,5,"입맛없어서 통 못드시는 시어머님 시켜드렸네요.
다리 하나, 날개 하나 드셨어요.
피가되고 살이됐을꺼에요.
감사감사!!!
같이 먹었는데 맛있더이다. ^^"
920,qw**님,2020년 11월 27일,5,5,5,맛있게 잘 먹었습니다
921,al**님,2020년 11월 27일,4,4,5,맛있게 잘 먹었어요 옛날에 먹던 양념치킨맛!
922,is**님,2020년 11월 25일,5,5,5,배달도 시간 안에 오고 배달원분도 친절하셨어요. 오랜만에 먹어서 그런지 더 맛있네요! 감사합니다~
923,we**님,2020년 11월 25일,5,5,5,배달 빠르고 양 많고 맛있어요
924,eh**님,2020년 11월 25일,4,5,5,배송빠르고 치킨도 따듯하고 다 좋았지만 양념치킨에서 조금 탄맛이 나네요 조금더 매콤한 맛이면 좋겠어요 ㅠㅠ
925,   손님,2020년 11월 25일,5,5,3,맛있는데요 배달시간 조금만줄여주세요 맛있게먹는중입니다
926,   손님,2020년 11월 19일,5,5,5,처음 주문인만큼 반신반의로 주문하였는데 맛좋아요.
927,ch**님,2020년 11월 18일,5,5,5,"언제나 최고입니다
잘먹었습니다"
928,pr**님,2020년 11월 18일,5,5,5,아주아주아주아주 맛있어용
929,th**님,2020년 11월 14일,5,5,5,아 정말 맛있었어요. 양념이야 기대했던 그 맛이라 놀랍지 않았는데 후라이드도 너무 맛있어서 감동 ㅠ 페리카나는 독산1점에서 시켜야겠어요!! 배달 문앞에 놓고 가라고 부탁 드렸는데 제가 문을 빨리 열어서 엘베 기다리시다가 맛있게 드시라는 멘트에 감사인사 못해서 죄송해요. 아직도 있을거라고 생각못했고 순간부끄러웠어요 😊
930,es**님,2020년 11월 13일,4,5,5,"맛있게 잘 먹었습니다
뭐랄까 맛있는데 튀김옷이 독특하네요
바삭아닌 폭신 느낌이에요
그래도 양념이 맛있어서 잘 먹었어요^^"
931,we**님,2020년 11월 11일,5,5,5,양 많고 배달 빠르고 맛있어요
932,mw**님,2020년 11월 11일,5,5,5,맛잇게 잘먹엇습미다아
933,ha**님,2020년 10월 31일,5,5,5,ㅎㅎㅎㅎ 맛나요. 쿠폰도 주심.
934,wj**님,2020년 10월 29일,5,5,5,맛이ㅛ게 매워여 졸맛탱탱
935,pa**님,2020년 10월 29일,5,5,5,"정말 맛있었습니다.
켄터키세대는 알 수 있는 맛입니다.
강추합니다~^^"
936,ji**님,2020년 10월 28일,5,5,5,맛이아주좋습니다~~
937,su**님,2020년 10월 20일,5,5,5,기본에 충실하고 겉바속촉 확실해요 맛있게 잘먹었습니당
938,dk**님,2020년 10월 18일,4,5,5,"양념치킨맛이 조금 써요ㅠ 후라이드는 맛있었음여 
일회용은 꼭 갔다달라고 하셔야댐"
939,he**님,2020년 10월 16일,5,5,5,오! 맛있어요 ㅋㅋㅋㅋ 자주 시켜먹을래용ㅋㅋ
940,kh**님,2020년 10월 16일,5,5,5,할머니 주문해드렸는데 좋아하셨어요~!
941,pc**님,2020년 10월 15일,5,5,5,완전맛잇어요~~~~~
942,wh**님,2020년 10월 15일,5,5,5,"배달빠르구요
맛있습니다 ㅎ
오늘따라 양념이 많은 느낌~!!"
943,we**님,2020년 10월 14일,5,5,5,배달 빠르고 양 많고 정말 맛있어요
944,ho**님,2020년 10월 14일,5,5,5,"양 많고 맛나게 잘 먹었어요ㅎ
행산데 빨리 오고 고생 많으셨습니다 
자주 이용 할게요ㅎ"
945,ss**님,2020년 10월 14일,5,5,5,"괜춘해용
요즘 배달비 없는 이런 혜자 집 찾기 힘들듯"
946,ex**님,2020년 10월 11일,5,5,5,빨리 왔고 맛있게 잘 먹고 있습니다
947,ko**님,2020년 10월 11일,5,5,5,역시 페리카나 입니다!!!!!! 일주일에 두번 시켜먹었어요ㅎㅎ
948,   손님,2020년 10월 3일,5,5,5,역시 맛있어요 ㅋ 치킨 먹고 싶을때 재주문 할께요 ㅋ
949,   손님,2020년 10월 3일,5,5,5,후라이드치킨이바싹하고 맛있어요.
950,jj**님,2020년 10월 3일,5,5,5,맛있었어요~~~계속생각이나여
951,sa**님,2020년 9월 27일,3,5,5,양념맛이 평범 후라이드 맛 평범 해서 아쉬워요
952,wh**님,2020년 9월 26일,5,5,5,"맛있어요 
갑자기 페리카나 치킨이 먹고싶어서
주문했는데 배달 빠르고 맛있습니다
배달비가 없어서 좋았어요"
953,   손님,2020년 9월 25일,5,5,5,역시 양념치킨은 최고입니다
954,tt**님,2020년 9월 24일,5,5,5,맛나게 잘먹었습니다^^
955,ex**님,2020년 9월 24일,5,5,5,잘 먹었습니다 감사합니다
956,01**님,2020년 9월 23일,5,5,5,맛있게 잘먹었습니다~! 감사해요
957,we**님,2020년 9월 23일,5,5,5,배달 빠르고 양 많고 맛있어요. 배달해주시는 사장님도 친절하세요 ^^~
958,na**님,2020년 9월 23일,5,5,5,맛있게 잘먹었어요
959,eg**님,2020년 9월 17일,5,5,5,너무 맛있었어요 !! 닭강정 맛나고 진짜 달콤짭조름 해서 중독성 강한 맛이였어요ㅠ !!
960,ac**님,2020년 9월 15일,5,5,5,잘먹었어요 맛있어요
961,cl**님,2020년 9월 14일,5,5,5,"맛도 좋고, 배달도 빠르네요"
962,wj**님,2020년 9월 13일,5,5,5,페리카나맛있고배달도빨라요
963,ja**님,2020년 9월 13일,5,5,5,싸고맛나요~~최고!!!
964,   손님,2020년 9월 12일,4,4,3,맛잇어요 배달빨라요
965,ks**님,2020년 9월 12일,5,5,5,"양 질을 모두 만족하는 페리카나 ㅎㅎㅎㅎ
맛있게 먹엇슴다 .  저의집쪽 매번
배달오시는데  고생하셧어요 잘막엇어요 호"
966,ss**님,2020년 9월 11일,5,5,5,"맛있습니다, 비오는데 감사합니다"
967,ca**님,2020년 9월 11일,5,5,5,맛있게 잘먹었어요.
968,vi**님,2020년 9월 10일,4,4,5,양도 많고 맛있네요 굿굿
969,we**님,2020년 9월 9일,5,5,5,배달 빠르고 양 많고 맛있어요.
970,tk**님,2020년 9월 9일,5,5,5,뻑뻑이도 부드럽고 맛있어요
971,ka**님,2020년 9월 9일,4,4,3,정말 어릴적 먹던 치킨맛 추억의 맛이예요~
972,ke**님,2020년 9월 8일,5,5,5,질리지않는 치킨 페리카나~!!
973,tj**님,2020년 9월 5일,5,5,4,잘먹었습니닿ㅎㅎㅎㅎ
974,ch**님,2020년 9월 5일,5,5,5,감사합니다 맛있게 잘 먹었습니다
975,is**님,2020년 9월 1일,5,5,5,"진짜 여기가 이동네 치킨 최고의 맛집입니다
여기만 먹는 이유"
976,ps**님,2020년 9월 1일,5,5,5,ㅇㅇㅇㅇㅇㅇㅇㅇㅇㅇ
977,   손님,2020년 8월 30일,4,5,5,"배달오신 분 사장님이신거같은데 친절하셔서 좋았습니다
후라이드가 제기준 바삭하지 않았지만 양도 많았고 배달도 빨랐어요!"
978,ks**님,2020년 8월 28일,5,5,5,"패리카나 치킨치킨 맛있네요 ㅎㅎ
많이많이 시켯네요 ㅎㅎㅎ
쿠폰고 모아서 써먹구요 마니파세요"
979,th**님,2020년 8월 21일,5,5,5,배달도 빠르고 치킨도 너무 맛있었어요! 담에 또 시키려구요~~!완전 만족이었습니당 ㅎㅎ
980,li**님,2020년 8월 20일,3,3,3,바삭한가 않네요 . 다른 매장에서 주문 했을때 양념인데 바삭하고 맛있어서 주문했은데 겉과 속이 따로 노는 느낌이예요
981,ke**님,2020년 8월 16일,5,5,5,후라이드와 양념 모두 맛잇는 페리카나~
982,sa**님,2020년 8월 14일,5,5,5,goooooooooooooood
983,we**님,2020년 8월 12일,5,5,5,배달 빠르고 양 많고 맛있어요 ^^~
984,hs**님,2020년 8월 12일,5,5,5,항상 맛있는 페리카나 강추합니다. 추천해요
985,do**님,2020년 8월 7일,3,3,2,초인종 누르시며 담배 피시고 들어오시는거 보고  좀 그렇습니다
986,yu**님,2020년 8월 7일,5,5,5,배달 빠르고 맛있게 먹었습니다
987,js**님,2020년 8월 7일,1,2,1,"배달은 항상늦고, 튀김은 오래된튀김같고, 부드럽지않고 질기며, 뼈있는건 커팅이 이상해서 잔뼈가 불편
타 지점 많이 먹어봤는데 여긴못먹겠습니다"
988,jh**님,2020년 8월 7일,4,5,5,맛있게 잘 먹었습니다
989,ba**님,2020년 8월 7일,5,5,5,배달도 빠르고 맛있어요!!!^^
990,hc**님,2020년 8월 7일,5,4,5,"맛있게 잘 먹었습니다. 맛은 진짜 최고네요.
양은 좀 아쉽긴한데 이거야 뭐 본사 잘못이지 지점 문제는 아닐테니까요."
991,   손님,2020년 8월 7일,5,5,5,"치킨이 매장에서 먹는것처럼 따뜻해서 좋았어요
맛도 보장합니다"
992,   손님,2020년 8월 6일,4,5,5,"사진은 없지만 배달하시는분 비도오는데 
감사합니다..
잘먹었어요"
993,ks**님,2020년 8월 6일,5,5,5,"사진은 다른분 리뷰 사진이지만 실제로
받아보시는 치킨이 훨씐 비쥬얼 잇구요!!
그리고 제일 중요한 배달 , 배달도 생각보다
빨리 와주십니다 배달비도 무료 !! ^^
맛고 옛날통닭의 맛이 마니나서 이런맛을 볼라면 
여기 치킨이 제격이죠 ㅎㅎ 마니파세요 ㅎㅎ
쿠폰만 지금 13장 이네요 ㄷ ㄷ"
994,le**님,2020년 8월 6일,5,5,5,주문폭주로인해 배달이 늦으셨지만 맛있게 잘먹었어요~!
995,ka**님,2020년 8월 5일,3,5,1,"맛은 나쁘지않았는데 배송이 너무 늦네요. 할인행사때문에 그런가보다 하긴 했는데.  
주문한지 두시간째 연락도 없이 배달이 안와서 통화해보니 이제 포장중이라 죄송하다고 급히 끊더군요. 
그러고나서 한 30분 뒤에 배달온 아저씨가 비가 많이와서 늦었다고 핑계른 대시더군요. 
많이 쏟아지지도 않은 비 핑계에 그저 웃고갑니다."
996,gl**님,2020년 8월 5일,3,3,4,사장님  저  치킨 안왔어요 3시간 넘었는데요 ㄷㄷ
997,zz**님,2020년 8월 5일,4,5,5,바삭하고 맛있는데 닭조각모양이 약간 이상했어요 이벤트 중이라 싸게 잘 먹었어요
998,   손님,2020년 8월 4일,5,5,5,맛나게 잘 먹었습니다
999,bl**님,2020년 8월 1일,5,5,5,빠른배달굿굿굿ㅋㅋㅋ
1000,as**님,2020년 8월 1일,5,5,4,"두조각 남았어요 흑흑 ㅠㅠㅠ
맛있게 잘 먹었습니다"
1001,ja**님,2020년 7월 29일,5,5,5,맛도 좋고 배달도 빨랐는데 추러스치즈볼이 아닌 그냥 치즈볼이 왔어요ㅠㅠ 비도 오고 튀기자마자 가져다 주셨는지 치킨도 따뜻해서 그냥 먹었어요 ㅎㅎ 다음엔 꼭 추러스치즈볼 주세요ㅠㅠ
1002,au**님,2020년 7월 23일,5,5,5,맛있어요  추억의 맛이에요^^
1003,sc**님,2020년 7월 19일,5,5,5,양념치킨 맛있어요!!
1004,ki**님,2020년 7월 18일,5,5,3,맛있어요~^^ 배달은 늦었지만 좋아요~^^
1005,by**님,2020년 7월 16일,5,5,5,여긴 늘 맛있어 양념만 먹음
1006,   손님,2020년 7월 5일,5,5,5,맛있게 잘먹었습니다.
1007,sh**님,2020년 6월 26일,5,5,5,옛날맛이느껴지고 좋았습니다~~~~
1008,ai**님,2020년 6월 26일,5,5,5,맛있게 잘먹었습니다. ( ^^)
1009,qw**님,2020년 6월 25일,5,5,5,맛있게 잘 먹었습니다
1010,ch**님,2020년 6월 23일,5,5,5,"배달빠르고
메모 잘 봐주시고 
좋앙ᆢㄷ"
1011,   손님,2020년 6월 22일,5,5,5,간만에 정통 양념과 후라이드가 땡겨서 페리카나에 시켰습니다. 기억하고 있던 그맛이 느껴져서 매우 좋았습니다.
1012,or**님,2020년 6월 20일,5,5,5,맛있습니다!!! 또 ㄱ먹을예정...!
1013,ba**님,2020년 6월 10일,5,5,5,너무 맛있어요~날씨도 안 좋았는데 배달도 빠르네요!!잘 먹고있어요~담에 또 시킬게요^^
1014,ky**님,2020년 6월 9일,2,5,5,"맛은 싱겁고 냄새가 좀 있읍니다
양은 많으나 질이 문제요
가산점은 맛있는데 ᆢ"
1015,yk**님,2020년 6월 8일,5,5,5,"맛있습니다
감사합니다"
1016,ri**님,2020년 6월 6일,5,4,5,순살먹을때보다 살이 넘 적어서 아쉬웠어요. 맛은 여전히 맛있었어요~
1017,tj**님,2020년 6월 5일,5,5,5,배달도 빠르고 독산1점 페리카나가 양념도 바삭하면서 너무 맛잇어오 ㅠㅠㅜ 늘 여기서 시킵니다!!
1018,   손님,2020년 6월 5일,5,5,5,맛나게 잘 먹었습니다
1019,   손님,2020년 6월 5일,5,4,5,빠르고 맛잇엇습니다!
1020,qw**님,2020년 6월 4일,5,5,5,맛있게 잘 먹었습니다
1021,   손님,2020년 5월 30일,5,5,5,맛있게 잘 먹었습니다~
1022,sc**님,2020년 5월 27일,5,5,5,맛잇게 잘먹었습니다 사진을 못찍었네여
1023,   손님,2020년 5월 27일,1,1,1,카드로 주문했는데 오셔서 카드기기 안된다고 현금달라하심.. 심지어 배달하시는분이 카드로 결제 알고있는데 그냥 오셨다네요 계좌이체 해달라하심; 번거롭고 카드실적도 못쌓고 짜증나요.
1024,lo**님,2020년 5월 26일,3,5,5,"자주시켜 먹을때마다  맛있었는데  이번엔 양념이 별루네요
양념이 너무 묽어서 줄줄흘러서  간도베지않은거같다는.."
1025,ky**님,2020년 5월 20일,4,4,5,양념치킨 맛납니다!
1026,ha**님,2020년 5월 19일,5,5,5,ㅅㄱㄷ눚ㅂㅈㅂ사슧ㅂ
1027,   손님,2020년 5월 15일,5,5,5,"친절하게 배달해주셔서 감사합니다
치즈볼에 치즈가 정말 꽉 차 있어서 아이가 좋아했어요
맛있게 잘 먹었습니다"
1028,   손님,2020년 5월 15일,5,5,5,맛나게 잘 먹었습니다
1029,gl**님,2020년 5월 13일,5,5,5,"고추장베이스 깔끔한 매운맛  친절한 사장님
잘먹었습니다."
1030,te**님,2020년 5월 13일,5,5,5,받긴받았는대 영수증에 전혀다른 주소가찍혀있네요..
1031,th**님,2020년 5월 12일,5,5,5,"맛있어요~
후라이드 양념 둘다 기본이상입니다."
1032,ha**님,2020년 5월 6일,5,5,3,"콜라가 안왔습니다.

자주 빠지네요ㅡㅡ"
1033,go**님,2020년 5월 5일,5,5,5,맛잇게 잘 먹었어요^^
1034,wa**님,2020년 5월 3일,5,5,5,맛있게 잘먹었습니다:) 양념은 맛있는거 아는데 후라이드도 짭짤 매콤 맛있어요!!
1035,ok**님,2020년 5월 2일,4,3,5,다른대처럼 배달스티커 같은거 붙여주시면 좋을꺼 같아요 덜차서 온게 좀 마음에 걸렸어요 빼 먹은거 아닌가하고.. 저녁 늦은시간이라 그런가 기름상태도 좋지 않아서 좀 아쉬웠습니다
1036,ji**님,2020년 5월 2일,5,5,5,동생과 아주잘먹었습니다 너무빠르고 맛도 맛잇엇어요
1037,ha**님,2020년 5월 2일,5,5,5,ㅅㅇㅇㄴ짇ㄱㄷㅈㅇㅢㅈㅂ
1038,ha**님,2020년 4월 30일,5,5,5,귯ㅅㄷㄱ딪ㄴㄷㅅ딪ㆍㄷㄴ
1039,qn**님,2020년 4월 26일,5,5,5,맛없진 않은데 튀긴 치킨이 더 맛있어요 또 먹을것같지는 않아요
1040,at**님,2020년 4월 26일,5,5,5,맛있어요요옹감사합니다
1041,dl**님,2020년 4월 25일,5,5,5,마시써요오오옴 역시페리카나
1042,qw**님,2020년 4월 24일,5,5,5,맛있게 잘먹었습니다
1043,hs**님,2020년 4월 24일,5,5,5,페리카나 항상맛있고 너무 좋아요. 추천합니다.
1044,yt**님,2020년 4월 24일,5,5,5,역시 맛있습니다 맥주는 치킨이 ~
1045,em**님,2020년 4월 24일,4,5,4,신메뉴  쫌아쉽다 냥~  간짬뽕치킨
1046,   손님,2020년 4월 23일,5,5,5,배달빠르고 맛있었어요
1047,ks**님,2020년 4월 23일,5,5,5,"간만에 시켯다는 ^^
맛도 좋고 배달도 빠륵
변함없이 장사하시는 모습 리스팩임다!!
많이 파세여."
1048,gl**님,2020년 4월 22일,5,5,5,잘먹었습니다 배달 서비스 역시 좋은 곳
1049,xe**님,2020년 4월 22일,5,5,5,추억의 맛. 배달도 잘왔고요. 만족합니다
1050,we**님,2020년 4월 22일,5,5,5,배달 빠르고 맛있어요
1051,cu**님,2020년 4월 20일,3,5,3,맛 나쁘지않고 양은 두마리라 많은데 ....전 왜 만족스럽지가 않을까요..ㅠㅠ
1052,ch**님,2020년 4월 19일,5,5,5,"항상 시켜먼근곳 

양념 불변의법칙 페리카나"
1053,a3**님,2020년 4월 17일,5,5,3,도착시 문자주세요 했는데 문 두드렸어요. ㅠㅠ
1054,ni**님,2020년 4월 15일,5,5,5,잘먹엇습니다 감사합니다
1055,lo**님,2020년 4월 15일,5,5,5,"항상 주문해 먹는데 맛있어요
근데..사이드 메뉴에 단무지같은것도 선결제 할수있었으면 좋겠네요.  요즘은..현관앞에 두고가시는게 좋은데 
1000 원땜에 대면해야하니.."
1056,   손님,2020년 4월 13일,5,5,5,맛있게 잘먹었습니다
1057,ls**님,2020년 4월 12일,5,5,5,다음 날 먹어도 맛있네요
1058,ci**님,2020년 4월 12일,4,4,4,순살이 다 떨어져서 아쉽지만 그래도 뼈로 맛있게 먹었어요
1059,gh**님,2020년 4월 11일,5,5,5,페리카나 간만에 시켜봤는데 너무 맛있게 잘 먹었습니다!!
1060,qw**님,2020년 4월 10일,5,5,4,조금 오래걸리긴했지만 잘먹었습니다
1061,hs**님,2020년 4월 9일,5,5,5,항상 맛 있는 페리카나 후라이드 추천합니다. 바삭바삭 좋아요.
1062,BA**님,2020년 4월 9일,5,5,5,배달해주시는 사장님 친절하시고 치킨은양도 맛도 너무좋습니다 코로나조심하시고 번창하세요
1063,op**님,2020년 4월 8일,5,5,5,맛있습니다. 모든 면에서 만족합니다.
1064,ns**님,2020년 4월 8일,5,5,5,사장님 친절하고 언제나 맛있습니다
1065,jy**님,2020년 4월 8일,5,5,5,"너무맛있어서 정신없이 먹느라 다먹고사진찍었네용ㅠ
짱짱"
1066,ha**님,2020년 4월 6일,5,5,5,맛있게 잘 먹었습니다.
1067,   손님,2020년 4월 5일,5,5,5,맛있고 빨리왔습니다 재구매의사 100%
1068,zp**님,2020년 4월 1일,4,4,3,"매운양념치킨과 후라이드 치킨을 시켰는데 다른게왔네요...
양념치킨과 매운양념을 착각한거라면 그런가보다 싶은데 이건 쫌...ㄷㄷ
오늘은 그냥 먹겠습니다만 기분이 썩 좋지는 않네요...다른 사람들한테도 이런 피해 없게 조심하시길"
1069,kh**님,2020년 4월 1일,5,5,5,잘먹었습니다 ㅎㅎ 맛있어요
1070,ls**님,2020년 4월 1일,5,5,5,항상맛이게먹습니다
1071,ms**님,2020년 3월 30일,5,5,5,너무 맛있습니다! 배달도 정말 빠르고 너무 친절하시고 최고입니다!! 앞으로 여기서만 시키려구요😊
1072,kz**님,2020년 3월 30일,5,5,5,맛있어요 항상 굿 여기서만 먹어요
1073,ta**님,2020년 3월 25일,5,5,5,좋아요 좋아요 좋아요 좋아요
1074,ac**님,2020년 3월 25일,5,5,5,잘먹었어요~
1075,wj**님,2020년 3월 19일,5,5,5,"오우오우 페리카나 너무맛있어요
후라이드는 바삭바삭하고
양념치킨은 새콤달콤하니 잘먹었어요!!!"
1076,ni**님,2020년 3월 15일,5,5,5,양념치킨은 늘 맛있네요!!  많이 파세요
1077,ki**님,2020년 3월 13일,5,5,5,맛있네요 잘먹었습니다.
1078,el**님,2020년 3월 10일,5,5,5,맛있어요 양념은 페리카나~
1079,kc**님,2020년 3월 8일,5,5,5,너무좋아요~배달도빠르고맛도양도쨩쨩♡
1080,dr**님,2020년 3월 7일,5,5,5,맛있게 잘먹었습니다
1081,ri**님,2020년 3월 7일,5,5,5,옛날 어릴때 먹던 그 치킨맛이네요. 맛있게 잘 먹었어요~
1082,   손님,2020년 3월 4일,5,3,5,양념 시켰는데...반반이 왔네요
1083,ji**님,2020년 3월 2일,5,5,5,"맛도잇고 양도많고
배달을 사장님이 직접하시는지 굉장히 친절하고 믿음이갔습니다"
1084,mj**님,2020년 2월 28일,5,5,5,맛있어요 양도 많고요
1085,na**님,2020년 2월 27일,5,5,5,"오랜만에 생각나서 시켰는데 굉장히 맛있었어요
감사합니다"
1086,kz**님,2020년 2월 26일,5,5,5,"공동현관문 번호를 계속 기재하다가 이번에 기재를 못해놔서 배달오셔서 많이 기다리게 해서 죄송합니다
다음번엔 꼭 다시 기재 해놓겠습니다!배달이 많이 밀리지 않아야 할텐데... 치킨은 언제나처럼 맛있게 잘 먹었습니다 감사합니다"
1087,   손님,2020년 2월 26일,5,5,5,맛돌이....ㅎㅎ
1088,ls**님,2020년 2월 22일,5,5,5,역시는 역시 떠먹고싶어진다
1089,kz**님,2020년 2월 21일,5,5,5,항상 맛있고 친절하십니다 여기서만 양념치킨 먹어요 감사합니다
1090,wm**님,2020년 2월 20일,5,5,5,음...옛날치킨맛이에요 ㅋㅋ 갠적으론 양념이 더 맛있었어요
1091,ch**님,2020년 2월 10일,5,5,5,"배달 빠르고

맛나고 

아침까지먹음"
1092,cl**님,2020년 2월 9일,5,5,5,"배달도 너무빨리오고, 맛도 좋고요
사장님도 친절하시고요
맛있게 잘 먹고있어요"
1093,   손님,2020년 2월 9일,5,5,5,"잘먹었습니다!^^ 양많고 가격 저렴, 직접 배달해주셔서 배달비도 따로없고 무도 3개나주셨네요,, 담에 또 시켜먹겠습니다 번창하세요^^"
1094,sc**님,2020년 2월 9일,5,5,5,엄청 빠른 배달에 따뜻한 치킨 또 맛잇습니다
1095,ns**님,2020년 2월 6일,5,5,5,어릴적부터 먹던 추억의 맛ㅎ
1096,   손님,2020년 2월 6일,5,5,5,양념치킨 시켰는데 반반이 오긴 했지만 맛있어요~
1097,pe**님,2020년 2월 5일,5,5,3,"시기가 이래서인지 배달이 너무 늦었네요
나무 젓가락도 요청드렸는데 잊으신것같구여
그래도 맛은 훌륭합니다^^"
1098,lo**님,2020년 1월 31일,4,4,5,ㅋ맛도 양도 배달시간도좋아여ㅎ뜨겁게 부탁드렸는데 제대로보내주셨어요ㅎ
1099,hs**님,2020년 1월 29일,5,5,5,항상 맛있게 튀긴 후라이드 추천합니다. 양도 넉넉하고 후라이드 맛집이에요!
1100,sc**님,2020년 1월 29일,5,5,5,"빠른 배달에 기사님 새해인사도 넘 감사했습니다!!
맛은 단연 최고입니다!!! 새해 복 많이 받으세요~"
1101,cj**님,2020년 1월 29일,5,5,5,맛도있고 배달원분도 너무친절해서 기분좋게 먹었습니다
1102,is**님,2020년 1월 29일,5,5,5,"역사 양념은 페리카나
이집이 최고입니다
진짜 배달 양 맛 모두 다 갖춘집이라 이집만 먹습니다
아쉽게도 오자마자 급하게 먹느라 사진은 못찍었네요"
1103,lo**님,2020년 1월 22일,4,4,4,"1주일전에 시켜서 넘맛있게머꼬 또시켰어요ㅋ
역시 맛있는데 배달도 늦시않게왔는데 좀 식어서와서 별하나뺏어요  뜨거운치킨이 맛나요"
1104,   손님,2020년 1월 16일,5,5,5,너무 맛있어요~!!! 항상 감사합니다 ㅎㅎ
1105,hs**님,2020년 1월 16일,5,5,5,역시 믿고 먹는 페리카나 후라이드 입니다.
1106,lo**님,2020년 1월 16일,5,5,4,"맛있다는 말듯고 첨시켜봤는데 진짜 맛있네요ㅎㅎ
배달이 좀늦은거 빼고는 진짜 고소하고 담백하고 넘 맛났어요 또 시킬거에요 뜨거워서 더조아ㅎ"
1107,   손님,2020년 1월 16일,5,5,5,맛나게 잘 먹었습니다
1108,sa**님,2020년 1월 15일,5,5,5,맛있게 잘먹었습니다 최고예요
1109,   손님,2020년 1월 13일,5,4,4,매번 시켜먹지만 한결같은맛 좋아요^^
1110,ju**님,2019년 12월 31일,5,5,5,맛있게 잘 먹었어요^^
1111,ss**님,2019년 12월 28일,4,4,4,40분정도 걸린듯해요..후라이드 바삭하고 양념치킨도 아이들과 맛있게 먹었어요..무난해서 가끔 또 시켜먹을거같네요~
1112,ls**님,2019년 12월 27일,5,5,5,양념생각나먄보능덕으로여기고룬
1113,   손님,2019년 12월 24일,5,5,5,맛있어요 친절하시구요
1114,   손님,2019년 12월 22일,3,4,5,"배달 50분 걸린다고 했는데, 20분만에 왔어요!"
1115,   손님,2019년 12월 21일,4,4,4,굿~~~~~~~~~
1116,   손님,2019년 12월 20일,5,5,4,양념 치킨은 페리카나 배달은 예상시간 보다 늦었지만 잘 먹었네요
1117,qk**님,2019년 12월 20일,4,5,5,맛있게 잘먹었습니다!!!!!!!!
1118,qw**님,2019년 12월 13일,5,5,5,맛있게 잘 먹었습니다
1119,10**님,2019년 12월 12일,4,4,5,맛있어요!! 근데 매운후라이드는 잘못가져다 주신건지 그냥 후라이드던데...  매운후라이드 기대했는데 좀 실망했습니다 ㅠ 매운양냠은 정말 맵고맛나요
1120,hs**님,2019년 12월 12일,5,5,5,"역시 페리카나 맛있어요.
옛날 치킨맛 그대로 입니다. 추천해요"
1121,yo**님,2019년 12월 9일,1,5,4,흠..  약간 냄새가 나네요.. 아쉽네요.
1122,na**님,2019년 12월 9일,5,5,5,양념은 역시 페리카나죠
1123,ru**님,2019년 12월 6일,5,5,5,잘먹었습니다아~~~~
1124,   손님,2019년 12월 3일,1,1,1,닭이 일단 오래된 닭을 튀겨서 엄청딱딱함 배달비는 원래받는건가?  배달비 안써있어서 시킨건데 후회됨 진심 한강치킨 아님 편의점 치킨이 더맛있음
1125,ls**님,2019년 11월 27일,5,5,5,언제나 양념생각나면 페리카나시킴
1126,na**님,2019년 11월 24일,5,5,5,배달 빠르고 양념 맛나요
1127,hs**님,2019년 11월 22일,5,5,4,두마리를 시키긴 했는데 콜라도 큰거로 주시고 무도 두개나 주셔서 배불리 맛있게 잘먹었습니다.
1128,   손님,2019년 11월 17일,5,5,5,바삭바삭~~양념따로 시킨다는게 까먹
1129,   손님,2019년 11월 16일,5,5,5,"닭 양도 많고 맛잇게 잘 먹엇습니다

오리지널 후라이드 양념치킨 맛 그대로에요!

종종 시켜 먹을께요!"
1130,al**님,2019년 11월 15일,1,1,1,"사장님.. 배고파요...
주문 기억하시는거 맞죠....?"
1131,ah**님,2019년 11월 14일,4,4,4,배달 양 맛 다 나쁘지않고 쏘쏘
1132,n1**님,2019년 11월 14일,3,4,1,"치킨은 뜨거워야 제맛인데..이거 아닌거같아요..
차라리 배달대행쓰세요."
1133,ca**님,2019년 11월 13일,5,5,4,"행사때문에 배달이 늦었지만 그럴 것이라 생각하고 주문을 해서 큰 불만은 없습니다.
양념치킨은 페리카나 아닙니까. 양도 정말 많고 양념이 넉넉히 발라져 맛있게 잘 먹었습니다."
1134,   손님,2019년 11월 13일,5,5,5,맛있게 잘 먹었습니당~
1135,ji**님,2019년 11월 13일,1,1,1,75분기다리래서 기다렸더니 75분에 사장님이 배송완료 누르시더니 2시간20분걸리네요ㅋㅋ 배송완료보고 전화하니 취소할려면 취소하라는 여자사장님ㅎㅎ믿을수가없네요ㅋㅋ왔는데 치킨이 차갑네요ㅎ나참 ㅋㅋㅋ 먹지마세요
1136,na**님,2019년 11월 11일,5,5,5,배달도 빠르고 양념이 참 맛있네요
1137,   손님,2019년 11월 9일,4,5,2,"양념이 정말 맛있었어용 달콤한양념소스인데 완전 제 취향이었습니당ㅎㅎㅎ
배달이 40분예정이었는데 그것보다 20분지나서 오고 
매장이 바빴는지 연락도 자꾸 받지 않으시더라구요
그래서 어쩌나했는데 조금있다가 배달와서 맛있게먹었습니당!! 양념이 맛있어용"
1138,my**님,2019년 11월 1일,5,5,5,ㅛㅕㅛㅕㅛㅕㅛㅕㅕㅕㅑ
1139,   손님,2019년 11월 1일,2,2,4,"음... 왜 말라 비틀어진 닭이 왔을까요 ㅠ
매번 촉촉하고 맛있었는데... ㅠ
할인이랑 쿠폰 섞어서 싸게 시켰다고..
그러신건 아니시겠죠 ㅠ
딱딱한 닭가슴살 순살 양념 느낌이었어요
여기서 자주 먹는데 담엔 신경써 주세요.."
1140,tl**님,2019년 10월 30일,5,5,5,"후라이드도 양념도 너무맛잇어요...ㅜㅜㅜㅜㅜ
배달도빠르구 친절하셔서 좋아욥  굿!!"
1141,na**님,2019년 10월 27일,5,5,5,페리카나는 양념이 진짜 맛있음
1142,na**님,2019년 10월 27일,5,5,5,너무 맛있어서 항상 별5개입니다
1143,na**님,2019년 10월 27일,3,5,5,"페리카나 후라이드 양념이 너무 맛있어서 치즈뿌리오도 시켜봤는데 너무 이상했어요
분명 치즈인데 약간 코코넛향 나고 뭔가 지방이 산화된 듯한 냄새가 나고 맛이 너무 이상하게 느껴졌어요
닭 자체는 잘 튀겨주셔서 좋은데 페리카나 치즈뿌리오 시즈닝이 좀 제 입맛엔 아닌 듯 하네요"
1144,ls**님,2019년 10월 27일,5,5,5,양냠생각나먐 재일먼저 찾게되는곳
1145,   손님,2019년 10월 24일,5,5,5,시간보다 빨리오고 기름이 깨끗한지 튀김옷도 색이 연해서 좋아요~양념도 맛있고 후라이드도 엄청 잘 먹었어요!
1146,na**님,2019년 10월 23일,5,5,5,양념은 역시 페리카나가 잘해요
1147,op**님,2019년 10월 23일,4,4,4,배달해주시는 분이 맛있게 들어요~ 라고 활짝 웃어주셔서 기분 좋았어요. 딱 치킨의 정석 같은 맛!
1148,na**님,2019년 10월 23일,5,5,5,양념은 페리카나.. 잘 먹었습니다
1149,pa**님,2019년 10월 15일,4,5,5,"실망시키지 않는 페리카나
근데 기름냄새가 조금 이상하요"
1150,rh**님,2019년 10월 14일,5,5,5,완전 개존맛탱입니다ㅠㅠ
1151,ly**님,2019년 10월 13일,4,5,1,맛도 좋고 양도 많은데 배달 예상시간 60분이었는데 더 늦게 왔어요
1152,   손님,2019년 10월 12일,3,3,3,맛있는데 후라이드가 너무 바짝 튀겨졌네요
1153,   손님,2019년 10월 11일,5,5,5,지금은 맛있는 치킨집이 많이 생겼지만 페리카나는 어릴적먹던 맛이 기억에 남아 생각이 납니다 가격도 착해서 자주 찾게 될거같아요
1154,   손님,2019년 10월 9일,4,3,2,맛있습니다.......
1155,   손님,2019년 10월 7일,5,5,5,오리지널 치킨의 진수
1156,   손님,2019년 10월 6일,3,3,2,배달이 너무 느렸습니다
1157,on**님,2019년 10월 6일,5,1,5,19000원주고 다리낡개시켰는데ㅋㅋㅋㅋ다리두개 날개두개만더추가된거실화인가요?총 다리넷 날개넷ㅋㅋㅋㅋㅋㅋㅋㅋㅋㅋ진짜지리네요 맛은있어요
1158,   손님,2019년 10월 4일,5,5,5,양도 많고 양념도 너무 맛있어용 배달 빨리와서 좋았어용
1159,a5**님,2019년 10월 3일,5,5,5,맛있게  잘 먹었습니다
1160,   손님,2019년 10월 2일,5,5,5,"비많이 오기전에 시켜서다행이네요
배달빠르고 친절
닭도 맛있게 먹고요"
1161,ls**님,2019년 10월 2일,5,5,5,여윽시 양념 배달도 빠르시고 맛은 여전합니다
1162,   손님,2019년 9월 29일,4,5,5,언제나 그렇듯 오늘도 역시 포장이 깔끔하고 맛있었습니다 일요일 저녁이라 많이 바쁘셨을 텐데 배달도 빠르네요 감사합니다 잘 먹었습니다!
1163,na**님,2019년 9월 29일,5,5,5,양념이 굉장히 맛있네요
1164,na**님,2019년 9월 29일,5,5,5,배달도 빠르고 친절하시네요
1165,na**님,2019년 9월 29일,5,5,5,페리카나는 양념이 진리죠
1166,al**님,2019년 9월 29일,5,5,5,맛있게 잘 먹었어요~
1167,na**님,2019년 9월 28일,5,5,5,양념은 페리카나죠~
1168,qq**님,2019년 9월 27일,5,5,5,아주맛있게잘먹었습니다
1169,kz**님,2019년 9월 26일,5,5,5,또 먹는 도중에 찍었네요 페리카나 맛있어요 양념치킨은 너무 맛있어요
1170,tl**님,2019년 9월 25일,5,5,5,너무맛잇어요ㅜㅜ..사장님도 친절하시구 담에 또 시켜먹으려구욤
1171,mw**님,2019년 9월 24일,4,5,5,맛잇게 잘먹엇습니다으
1172,go**님,2019년 9월 20일,5,5,5,양념맛이 정말 좋아요.
1173,   손님,2019년 9월 19일,5,5,5,"역시 최고 !!!
후라이드 바삭하고 
양념치킨=페리카나"
1174,le**님,2019년 9월 18일,5,5,5,맛있게 잘먹었습니다 ^^
1175,ls**님,2019년 9월 18일,5,5,5,개인취향으로는 양념이 맛잇엇지만 간장도 괜찮게 머것슴니아
1176,hs**님,2019년 9월 13일,5,5,5,"역시 실망시키지 않는 페리카나 후라이드네요.
정말 바삭하고 맛있습니다. 추천입니다"
1177,we**님,2019년 9월 11일,5,5,5,사장님이 직접 배달 오셨는데 친절하시고 배달도 빨라요. 양 많고 맛있습니다.
1178,sa**님,2019년 9월 10일,5,5,5,맛있게 잘 먹엇습니다! 또 주문할게용
1179,   손님,2019년 9월 10일,4,4,4,"개인적으로 취존이 엄청갈릴듯한 구성이라는점..
라면을 좋아하는 사람인 저는 전체적으로 먹을만 했습니다."
1180,dm**님,2019년 9월 9일,5,5,5,"늘상 바삭하게 튀겨 달라고 요청드리는데~~ 
오늘도 너무 맛있게 잘 먹었어요
양념소스 요청드렸었는데 따로 구매인가요?? 

다음에 또 이용할께요"
1181,ji**님,2019년 9월 8일,5,5,5,따뜻하게왓고 정말 맛잇게 먹엇습니다 감사합니다
1182,yt**님,2019년 9월 8일,5,5,5,잘먹었어요 ㅎㅎ 다음에 또 시켜먹을께여
1183,jh**님,2019년 9월 7일,5,5,5,좋아요요 빨리오고 가깝고
1184,na**님,2019년 9월 6일,5,5,5,"양념은 페리카나가 최고!
후라이드도 고소하고 너무 맛나요~"
1185,   손님,2019년 9월 2일,5,5,5,늘 맛있게 잘 먹고 있습니다^^
1186,sa**님,2019년 9월 2일,5,5,5,너무너무 맛있게 잘먹었어요!!!
1187,   손님,2019년 8월 30일,5,5,4,맛있어여 배달은 좀 늦었지만
1188,mc**님,2019년 8월 30일,3,5,1,"7시 30분에 주문했는데 9시 20분에 옴

별 0점 주고 싶지만....

월드컵때나 겪은 속도임

배달속도가 맛 양을 뒤엎었음"
1189,gl**님,2019년 8월 30일,5,5,4,다 좋은데 배달이 좀 걸리네요 ㅠ
1190,ks**님,2019년 8월 29일,5,5,5,"치킨사진을 못찍었는데
오랜만에 먹었는데 맛이 변함이없이 맛있네요.
맛있는 신메뉴 치킨을 즐기시면 평범할수도 있지만
전 이집이 정말 맛나게 먹어요 치킨무 하나다주시는게 너무 기분좋게 먹고 양념치킨은 밥이랑 먹을때 가장 맛나도 맛잇어요"
1191,kz**님,2019년 8월 29일,5,5,5,양념치킨은 페리카나네요 진짜 맛있어뇨
1192,jc**님,2019년 8월 29일,1,1,1,"가끔 시켜서 먹는데 배달 예정시간이 55분인데 어젠 배달이 1시간 30분이 넘었네요~~ 늦었으면 서비스나 머 그런것도 없고
많이 실망입니다~  이젠 여기서 시켜먹는일 없을듯 합니다"
1193,lj**님,2019년 8월 29일,5,5,5,"두 마리 시켰다고 치킨 무 두 개 주는 집은 처음 봤음
이곳은 찐임
그리고 양념 존맛탱임
하지만 오늘은 멕시카나를 시켜 먹어 볼 거임
다 먹고 박스 버리러 나갔다가 본 냥이 사진...
멕시카나 먹어 보고 비교한 후기를 멕시카나에 올리겠어용"
1194,hs**님,2019년 8월 28일,5,5,5,역시 페리카나 독산점 믿고 먹습니다.
1195,gn**님,2019년 8월 28일,4,5,5,"맛은 나쁘지 않구요 양은 많았어요 게다가 컵라면까지 주셔서 ㅎㅎ
잘먹었습니다~"
1196,th**님,2019년 8월 28일,5,5,5,엄청 맛나고 엄청 친절하세요
1197,ma**님,2019년 8월 28일,5,5,5,진짜 페리카나 숨은 존맛메뉴는 간장치킨입ㄴ다
1198,go**님,2019년 8월 27일,4,4,4,양념이 정말 맛있어요.
1199,gh**님,2019년 8월 27일,1,2,1,"순살 시켯는데 완전 과자처럼 딱딱합니다ㅋ
포크가 안들어갈 정도인데 이걸 어떻게 먹으라는건지 모를 맛입니다ㅡㅡ;;;
아무래도 잘못 튀기신것 같아 전화했더니 다시 조리해 주지도 않더군요
너무 실망이네요"
1200,ck**님,2019년 8월 26일,4,5,5,맛있게 잘먹었습니다
1201,ma**님,2019년 8월 26일,5,5,5,페리카나 처음 시켜 봤어요 후라이드 바삭하고 양념도 자극적이지 않고 순하고 맛있어요 배달도 빨랐습니다^^
1202,   손님,2019년 8월 25일,4,4,5,깔끔하고 맛있어요 항상 빠른 배달도 감사합니다
1203,   손님,2019년 8월 22일,5,5,5,늘 먹어도 질리기 않는 꿀맛
1204,se**님,2019년 8월 22일,3,3,3,늦은시간에 어르신이 신속배달하셨숩니다.
1205,ci**님,2019년 8월 22일,4,4,4,"배달 괜찮게 왔네요

맛은 보통입니다"
1206,na**님,2019년 8월 22일,5,5,5,"배달도 빠르고 사장님이 요청사항도 잘 들어주셔서 
좋아요~
양념치킨은 역시 페리카나👍"
1207,kz**님,2019년 8월 21일,5,5,5,"페리카나 처음 먹어봤는데.진짜 맛있네요 양념은 유명하게 맛있도 후라이드도 고소하게 진짜 맛있네요 
배달비도 안 받으시는데 방금 튀긴 진짜 뜨거운 상태로 빠르게 배달해주셔서 감사할 따름입니다 앞읋 자주 주문해서 먹을 생각입니다 사진은.허겁지겁 먹고 나중에 생각나서 못 찍었네요 ㅠㅠ"
1208,pc**님,2019년 8월 19일,5,5,5,믿고먹는 정통치킨 페리카나네요 역싱
1209,ke**님,2019년 8월 17일,5,4,5,맛있고 배달도 빨랐어요! 앞으로 자주 시켜 먹을 예정입니다.
1210,   손님,2019년 8월 14일,5,5,5,양도엄청많고 배달도10분일찍오시고 사장님도친절해요 맛도잇고 근데 양이 진짜 엄청많네오
1211,na**님,2019년 8월 12일,5,5,5,양념치킨 너무 맛있고 배달도 빠르고 좋아요
1212,na**님,2019년 8월 12일,5,5,5,양념은 페리카나가 최고!
1213,hw**님,2019년 8월 12일,4,5,3,"좀 바쁘셨겠지만 조금만 이쁘게 담아주시지ㅎㅎ
배달은.. 집을 왜 못 찾으셔..ㅋㅋㅋ"
1214,   손님,2019년 8월 12일,5,5,5,"한마리 양 실화입니까.. 너무 많아서 놀랐어요
비오는지 모르고 배달시켰은데 친절하게 배달해주셔서 감사하고 죄송하네요.
맛있게 잘 먹었습니다~~ 역시 양념은 페리카나"
1215,ah**님,2019년 8월 11일,5,5,5,말복이라 늦게 올거 미리 예상은 했는데 직접 배달하신다더니 정말 친절하셨어요 계속 늦어서 죄송하다 하셨는데 늦은게 하나도 신경 안쓰였습니다 치킨은 제가 사진을 못찍은데다 먼저 집어먹어서 사진이 별로지만 맛있었습니다
1216,jj**님,2019년 8월 10일,5,5,5,마싯어옇ㅎ 강추드립니다 ㅎㅎㅎㅎ
1217,   손님,2019년 8월 9일,4,4,4,맛있게 잘 먹었습니다 :)
1218,kw**님,2019년 8월 9일,5,5,5,맛나고 좋았습니다ㅎㅎ
1219,ur**님,2019년 8월 7일,5,5,5,먹다가 너무 맛있어서 찍고 리뷰올려요. 배달도 빠르고 친절하셨습니다. 역시 실망시키지 않는 페리카나~~ 담에 또 시킬게요
1220,pe**님,2019년 8월 7일,5,4,5,"역시 페리카나
콜라와 함께 먹으니 존맛입니다!!"
1221,   손님,2019년 8월 7일,3,5,5,배달 빠르고 양많지만 2마리 세트를 먹어보니 2마리세트 빼고 질에 좀 더 투자를...
1222,   손님,2019년 8월 7일,4,4,4,"맛있었어요 
배달도빠르구"
1223,so**님,2019년 8월 5일,5,5,3,치킨 맛은 좋아요 배달만 좀더 빠르다면 ㅎㅎㅎ
1224,se**님,2019년 8월 5일,5,5,5,매워요ㅠㅠㅠㅠㅠㅠㅠ
1225,   손님,2019년 8월 2일,5,5,5,다 괜찮았어요 :)
1226,   손님,2019년 8월 1일,2,5,5,"어렸을때 먹던 그 양념이 아니다
치느님을 영접했는데 아쉬움이 남았다"
1227,   손님,2019년 8월 1일,4,3,4,순살은 항상 여기서 맛최고
1228,   손님,2019년 8월 1일,1,5,1,양은 많습니다...다만 그뿐 입니다.
1229,sc**님,2019년 7월 31일,5,5,3,에에에에에레레렐게레렐에에에엥
1230,   손님,2019년 7월 31일,3,3,1,저녁시간에 배달시키면 잠자기 직전에 도착하니 주의하세요.
1231,ki**님,2019년 7월 31일,5,5,5,점수는97점정도 줄수있을정도 진짜맛났음
1232,   손님,2019년 7월 27일,5,5,5,배달시간은 늦었지만 잘먹었습니다.
1233,   손님,2019년 7월 26일,5,5,5,맛있게 먹었어요~~~
1234,   손님,2019년 7월 26일,4,4,5,저번에도 배달시켜먹고 후기 남겼었는데 실수로 지워버렸네요ㅠㅠ 맛있게 잘 먹었어서 이번에도 배달시켰어요 양도 적당하고 후라이드 바삭 양념도 맛있어요 배달도 정말 빠르구요 감사합니다
1235,ja**님,2019년 7월 24일,3,3,1,아직 안 왔는데요..?
1236,   손님,2019년 7월 24일,5,5,5,맛있어요 강추합니다
1237,hs**님,2019년 7월 24일,5,5,5,항상 바삭하고 맛있는 페리카나. 단골이에요!
1238,   손님,2019년 7월 23일,5,5,5,"죄송해요 전화로 화내서~ 저보다 나이 훨씬많아보이시는데 계속 배달이늦어 죄송하다니깐 오히려제가 더죄송하네요 고맙고 너무맛있습니당
 사모님 사장님 감사합니당~"
1239,gm**님,2019년 7월 21일,4,5,5,"배달빠르고 순살치고 양도많음
근데먹다보니꺼 느끼ㅠㅠㅠ"
1240,ch**님,2019년 7월 21일,5,5,5,양도 많고 맛있습니다!!!!!!!!!!
1241,rl**님,2019년 7월 19일,5,4,2,배달 너무 느림.. 맛은 좋았어요
1242,hs**님,2019년 7월 19일,5,5,3,"맛은 항상 옛날바삭한 후라이드맛 그대로 정말 좋구요. 양도 넉넉하고 정말 만족스러워요.
다만 이날 주문누락이 되었는지 아니면 바쁘셨는지 배달이 너무 늦어서..이점은 안타까웠습니다 ㅠ"
1243,   손님,2019년 7월 18일,5,5,5,오랫만에 먹었는데 맛있네요^^
1244,   손님,2019년 7월 15일,4,4,5,겐적으로괘안음 맥주한잔하기딱ᆢ
1245,   손님,2019년 7월 15일,4,5,4,최고는 아니라도 맛은 있음
1246,   손님,2019년 7월 14일,5,5,5,"맛있어용 꿀맛 개꿀맛 잘먹었습니닷
먹느라 다먹고 사직 찍었어용"
1247,   손님,2019년 7월 12일,5,4,3,"맛은 우리 애들이 아주 맛있게 먹었어요
후라이드,양념모두 만점!
하지만 배달하는데 있어선..오늘 아주바쁜날인건 알아서 늦어져도 기다렸는데 배달완료18분전에서 갑자기 38분으로 늘어나더니 좀있으려니 배달완료처리.. 늦어지는건 이해하지만 완료됐다니 오지도 않았는데..
양은 다른곳보단 약간 적은듯..
오늘이 초복이라 배달미스는 이해하고 다음에 또 시켜먹는다는 '네' 네요"
1248,wl**님,2019년 7월 12일,5,4,5,굿굿둣굿구수구수구수구수굿
1249,ha**님,2019년 7월 10일,5,5,5,"비오는 날에도 정확하게 시간맞춰 배달해주셨어요!!
양도많구 ㅎㅎ
잘 먹겠습니다~"
1250,   손님,2019년 7월 10일,5,5,5,배달비도 없고 맛도 강추 입니다~
1251,   손님,2019년 7월 9일,2,1,1,"너무 화나고 짜증나서 앞으로는 여기서 절대 안시킴
내돈주고 시키는데 왜 시간낭비에 다 식어빠진 음식먹고 거리가멀면 배달을 하지를 마시던지"
1252,na**님,2019년 7월 6일,5,5,5,"바삭하고 고소한 페리카나 후라이드~
참고로 두마리치킨세트에 있는 후라이드입니다
한마리로 시키시면 더 큰 닭으로 만드니까 이것보다 양 훨씬 많아여~"
1253,na**님,2019년 7월 6일,5,5,5,"페리카나 독산1점은 리뷰이벤트 같은 것은 안하지만,
항상 맛있고 사장님도 사모님도 다 너무 친절하셔서 
감사한 마음으로 사진 리뷰 올립니다~
페리카나 양념 안드셔보신 분은 꼭 드셔보세요~
후라이드도 엄청 고소하고 맛있어요~
기본양념도 맵지 않아 아이들도 잘 먹을 수 있을 것 같아요^^"
1254,   손님,2019년 7월 5일,5,5,5,역시 페리카나는 역시👍🏻
1255,   손님,2019년 7월 4일,4,4,2,맛도좋코 양도많은대 배달 1시간걸린다고했는대 1시간40분걸림
1256,wa**님,2019년 7월 2일,3,4,2,페리카나는 처음인데 개취로 별로네요 ㅠ근데 양은많아여...
1257,   손님,2019년 7월 2일,5,5,5,바삭하니 너무맛잇엇어요
1258,kg**님,2019년 6월 29일,5,5,5,빠르고 맛도 좋다...
1259,   손님,2019년 6월 29일,5,5,5,양념이맛있네요 튀김보다...
1260,k1**님,2019년 6월 28일,5,5,5,배달도 빠르고 맛있었어요~
1261,   손님,2019년 6월 28일,5,5,5,정말 맛이었습니다
1262,ha**님,2019년 6월 27일,4,4,4,맛나요 사진은 식후라 딸사진올려요
1263,ac**님,2019년 6월 26일,5,5,5,맛있어요~
1264,tn**님,2019년 6월 26일,4,5,4,"어후 따끈따끈 양도많고
겉은바삭 안은촉촉"
1265,   손님,2019년 6월 23일,5,5,5,친절하고 맛잇게먹엇어요
1266,   손님,2019년 6월 23일,5,5,5,올만에 먹으니 맛있네요. 일회용정갑끼고 ㅎㅎ
1267,ta**님,2019년 6월 23일,3,4,5,친절하시고 맛은 무난해요 양은 많아요
1268,14**님,2019년 6월 22일,5,5,5,맛있어요 잘먹었습니다
1269,   손님,2019년 6월 22일,4,4,4,굿~~~~~~~~~~~
1270,   손님,2019년 6월 21일,5,5,5,"후라이드, 양념 둘다 맛나네요~!!!"
1271,sf**님,2019년 6월 21일,5,5,5,맛있게 잘먹었어요!!
1272,   손님,2019년 6월 21일,5,5,5,"진짜 맛있어요 존맛탱
콜라도 주시고 배달료없고!!"
1273,   손님,2019년 6월 21일,5,5,5,오늘도 존맛😆항상 맛있어용👍
1274,   손님,2019년 6월 20일,3,3,3,음... 페리카나 처음 시켜보는데 다른 브랜드에 비해 약간 맛이 떨어지는거같아요 ㅎ 재구매는 안할래요
1275,kp**님,2019년 6월 19일,3,3,3,"배달 넘늦었는데
맛있게 잘 먹을께요"
1276,we**님,2019년 6월 17일,5,5,5,배달이 늦었지만 사장님 친절하시고 맛있게 잘먹었습니다.
1277,qw**님,2019년 6월 17일,5,5,5,진짜 맛있어요 ㅋㅋ
1278,qp**님,2019년 6월 16일,4,5,5,맛나게잘 먹었습니다..
1279,na**님,2019년 6월 16일,5,5,5,기름도 깨끗하고 사장님도 친절하시고 배달비도 따로 안받으시고 좋아요~
1280,   손님,2019년 6월 16일,3,4,5,1234568901
1281,so**님,2019년 6월 16일,5,5,5,"제가 리뷰 진짜 안 남기는데요 
정말 맛있네요! 앞으로 여기서만 시켜먹으려구요"
1282,so**님,2019년 6월 14일,5,5,5,맛잇어요~~~~~~
1283,ch**님,2019년 6월 13일,5,4,4,배달료도없고 맛도 좋고 ㅎㅎㅎ
1284,   손님,2019년 6월 13일,5,5,5,페리카나 오랜만인데 기름기도 적은거같고 바삭하고 맛있었습니다 양념도 너무 달지않아서 질리지않았어요
1285,na**님,2019년 6월 13일,5,5,5,두마리치킨 너무 맛있게 잘 먹었어요~배달도 30분만에 와주셨어요~
1286,gn**님,2019년 6월 12일,5,5,5,배달도 친절하시고 잘먹었습니다~ 맛있었어요~!
1287,jg**님,2019년 6월 12일,3,1,5,닭을 오래튀겼는지 엄청질기고 고기는 갈라져있고 뼈를시켰는데 순살처럼 고기조금에 튀김옷만 많고 아무튼 최악의 치킨임
1288,14**님,2019년 6월 12일,5,5,5,와 너무맛있어요 양념은 두말할것도없고 후라이드도 존맛이에요 후라이드는 원래 소금이나 양념같은거 안찍어도 맛있어야 진짜 맛있는거잖아요? 근데 여기 후라이드는 그냥 먹어도 존맛이에요ㅠㅠㅠㅠ당분간 페리카나만 주문하려고요 참고로 후라이드 몇개 집어먹고 찍은 사진입니다~~
1289,na**님,2019년 6월 11일,5,5,5,페리카나 양념 최고
1290,na**님,2019년 6월 11일,5,5,5,배달도 빠른 편이고 두마리치킨 시키면 콜라도 큰 걸로 오고 너무 좋아요~어떤 곳은 세마리치킨시켜도 500ml짜리 주거든요ㅎ
1291,na**님,2019년 6월 11일,5,5,5,후라이드도 맛있고 양념도 맛있어요
1292,na**님,2019년 6월 11일,5,5,5,사장님 너무 친절하시고 치킨도 맛있고 좋아요~
1293,   손님,2019년 6월 11일,5,5,5,너무너무 맛있어요 먼데도 배달해주시고
1294,   손님,2019년 6월 9일,5,5,5,매운 순살 치킨에 이 조금 덜 매웠다
1295,mj**님,2019년 6월 6일,5,5,1,맛은좋은대 배달이너무느려요
1296,ev**님,2019년 6월 5일,5,5,5,"처음엔 배달이 늦는다고 생각했는데 배달대행이 아니라 직접배달하시네요ㅎ 그래서 배달비 없구나 했음
어릴때 먹던맛이 좀 나서 좋았네요ㅎ
콜라가 캔이 아닌것도 좋음.^-^"
1297,ba**님,2019년 6월 5일,5,5,5,기본에 충실한 맛. 예전에 어릴때 아버지가 시켜주던 그맛. 추천합니다.
1298,ba**님,2019년 6월 5일,5,5,5,담백하고 기본에 충실한 맛입니다. 추천
1299,   손님,2019년 6월 3일,5,5,5,레트로 치킨! 양념은 역시 페리카나죠
1300,wa**님,2019년 6월 3일,3,5,5,맛있게 잘먹었습니다
1301,   손님,2019년 6월 1일,2,5,2,닭이 다 퍽퍽하고 단단한 느낌? 별로였어요
1302,   손님,2019년 6월 1일,5,5,5,끝내줘용! 마싯어용! 굿굿굿
1303,   손님,2019년 5월 30일,5,5,3,"맛잇어요  배달 좀만더 빨랐으면 더만족이요
굿"
1304,sp**님,2019년 5월 29일,5,5,5,맛있는 음식을 먹고 싶다면 한번 일부러 이렇게 먹고 집에서 바로 만들어 먹고
1305,sp**님,2019년 5월 29일,5,5,5,맛있는 음식을 먹고 싶다면 꼭 한번 일부러 시간내서 다시 한번
1306,m6**님,2019년 5월 29일,5,5,5,맛나뇸 쳐묵차믓ㄹㄱㄴ
1307,   손님,2019년 5월 28일,5,5,5,"여기는 항상 시켜먹고 늘상 같은 메뉴 ㅋㅋㅋ
맛있어요 언제든지 먹어도 안 질리는 치킨
그리고 페리카나 가격 착하고 맛있죠!!
크윽 감사합니다!!"
1308,na**님,2019년 5월 25일,5,5,5,"양념도 맛있고 후라이드도 맛있어요
사장님이 배달해주시는 것 같은데
항상 친절하세요~"
1309,na**님,2019년 5월 24일,5,5,5,"페리카나 양념은 다른데랑 확연히 구분되는 특별한 맛이 있는 것 같아요 너무 맛있어요 
후라이드도 정말 고소하고 맛있어요
쿠폰 10장을 모은 것에 천원 추가해서 양념치킨 1마리로 서비스도 받았는데요 서비스닭 크기가 10호짜리라고 하셨는데 그래서 그런지 다리도 엄청 길었어요ㅎ
서비스닭이라고 작고 말라비틀어진 닭 보내주는 곳들도 있는데 페리카나 독산1점은 절대 그렇지 않습니다^^"
1310,so**님,2019년 5월 24일,4,4,4,맛있어요~~~~~~~
1311,   손님,2019년 5월 24일,5,4,5,맛있어요...배달도 친절하시고 담에 또 주문해서 먹을거 같아요
1312,na**님,2019년 5월 21일,5,5,5,양념이 진짜 맛있어요~페리카나는 무도 시지 않고 맛있네요
1313,tn**님,2019년 5월 18일,5,4,5,딱 다같이 먹을 수 있는 양이었고 오랜만에 먹으니 맛있네요!!
1314,ek**님,2019년 5월 18일,5,5,5,맛있어욤 근데 생각보다 안매웠어요 ㅠ 아쉽당
1315,de**님,2019년 5월 15일,5,5,5,빠르고 맛있었습니다.
1316,so**님,2019년 5월 13일,4,4,5,맛있는데 조금 탔어요
1317,ch**님,2019년 5월 13일,5,5,5,배달도 빠르고 양도 많고 맛있었습니다.
1318,   손님,2019년 5월 13일,4,4,5,먹을만합니다. 추천받고 주문했습니다.
1319,es**님,2019년 5월 10일,5,5,5,rrrrtrrrrrr
1320,wa**님,2019년 5월 6일,5,5,5,맛있게 잘먹었습니다
1321,na**님,2019년 5월 6일,5,5,5,"요즘 너무 맛있게 잘 먹고 있어요^^바삭바삭 고소하고 옛날치킨맛
튀김옷이 두꺼워서 좋아요
근데 1분 정도만 빨리 꺼내시주시면 더 맛있을 듯"
1322,mj**님,2019년 5월 4일,5,5,5,맛있어요
1323,na**님,2019년 5월 3일,5,5,5,너무 맛있어요~세마리치킨메뉴도 만들어주세요^^
1324,   손님,2019년 5월 1일,4,4,4,옛날 스타일의 치킨이 땡길때 시키면 좋아요~
1325,   손님,2019년 5월 1일,3,3,3,이번에는 비도와서 주문량이 많아서그런지..배달도 비가와서 그런긴한데 많이늦고 닭도 미리 튀겨놓아서 그런지 뻑뻑하고 양념도 제대로 버무려지지않고 첨으로 실망했네요..항상 초심을 잃지않기를 바랍니다..
1326,wa**님,2019년 4월 27일,5,5,5,맛있게 잘먹었습니다
1327,   손님,2019년 4월 27일,5,4,4,간만에 먹어도 맛나요
1328,wa**님,2019년 4월 22일,5,5,5,맛있게 잘먹었습니다
1329,   손님,2019년 4월 18일,5,5,5,배달도 빠르고 맛도 괜찮네요
1330,ah**님,2019년 4월 17일,3,5,5,배달 빠르고 양도 푸짐한데 맛이 그럭저럭 ㅜㅜ
1331,ma**님,2019년 4월 15일,4,5,1,배달이 너무 오래걸려 전화하니 사과 한마디 없네요
1332,   손님,2019년 4월 13일,5,5,5,되게 친절하시고 양도 엄청 많고 맛잇엇어요 담에 또시킬게요!
1333,jj**님,2019년 4월 12일,5,5,5,사장님 친절하시구 여기 많이 이용하겠습니다~
1334,ch**님,2019년 4월 11일,4,3,4,옛날에 먹어본 양념치킨 맛이네요 배달은 그냥 잊어버리고 있었더니 오더라구요
1335,   손님,2019년 4월 10일,1,1,1,"치킨 한마리 배달 2시간 실화입니까?
사전 결제만 안했어도 취소 하겠구만 ㅠ"
1336,ai**님,2019년 4월 10일,2,3,2,"그냥 그래요..
젓가락 콜라좀 주시징.."
1337,xu**님,2019년 4월 6일,5,5,5,바삭하고 맛있어요~~
1338,du**님,2019년 4월 6일,5,5,5,다음엔 배달좀 빨리 부탁드려요 ㅎㅎ
1339,   손님,2019년 3월 30일,5,5,5,"배달빠르고
치킨 정말 맛있어요
감사합니다"
1340,mi**님,2019년 3월 27일,4,5,4,역시 페리카나 맛있어용 ! 양념맛있는건 알았는데 후라이드도 소금찍어먹으니까 넘 맛나더라구요~ 근데 배달은 60분이라고 뜨더니 한시간넘게 기다렸어요ㅠㅠㅠ 그리고 치킨이 식어서 온게 좀 그렇네유
1341,   손님,2019년 3월 27일,5,5,5,치킨이 치킨답게 아주 색깔좋고 튀김옷이 좋아요
1342,me**님,2019년 3월 26일,5,5,5,찬절하시고 닭이 커요 ㅋㅋㅋ
1343,ks**님,2019년 3월 15일,5,5,5,맛잇게 잘먹엇습니다
1344,   손님,2019년 3월 14일,3,3,3,맜있었어요. ㅎㅎㄹ~
1345,l0**님,2019년 3월 14일,5,5,5,잘 먹었어요 다음에 또 주문할게요!
1346,ta**님,2019년 3월 13일,5,5,5,언제나 맛있습니다~~^^
1347,pj**님,2019년 3월 11일,5,5,5,맛잇게잘먹겟습니다~~~~
1348,   손님,2019년 3월 7일,3,4,4,배달도 친절하게해주시구 양도많았는데 양념치킨 맛이 먼가 별로였어요 ㅠ
1349,no**님,2019년 3월 6일,5,5,5,너무 맛있어요 페리카나는 역시 독산1호점!!
1350,ks**님,2019년 3월 6일,5,5,5,"잘먹었어요!! 여기 단골인데
사장님이 직접 배달하시고 서비스도 좋아요
치킨배달할때는 여기만 시킵니다 잘먹엇어요"
1351,pj**님,2019년 3월 3일,5,5,5,맛잇게잘먹었습니다!
1352,   손님,2019년 3월 2일,5,5,5,맛있었어요~ 감사합니다~
1353,ks**님,2019년 3월 1일,5,5,5,단골입니다. 잘먹엇습니다 ㅎㅎ
1354,   손님,2019년 2월 25일,5,5,5,페리카나 특유의 튀김옷과 오리지날 반반은 늘 옳다
1355,   손님,2019년 2월 24일,1,1,1,그냥 쏘쏘 합니다아
1356,   손님,2019년 2월 22일,3,4,3,배달이너무느려오...
1357,ok**님,2019년 2월 20일,4,4,4,맛있게 잘 먹었습니다.
1358,mj**님,2019년 2월 18일,5,5,3,배달이 느리긴한대 맛있음
1359,ta**님,2019년 2월 17일,5,5,5,오랜만에 먹었는데 역시는 역시입니다^^
1360,   손님,2019년 2월 16일,4,4,4,항상 변함없는맛에 만족합니딘. 또 시킬게요^^
1361,fe**님,2019년 2월 13일,4,4,4,주문누락이되어 좀 기분나빴는데 다시 금방 해주셔서 잘 먹었습니다
1362,   손님,2019년 2월 11일,4,4,3,배달만 좀 빨라지면 더좋을거 같아요
1363,sa**님,2019년 2월 11일,4,5,4,잘먹었습니다~^^
1364,da**님,2019년 2월 9일,4,5,4,맛나게 잘먹습니다~~=
1365,   손님,2019년 2월 9일,5,5,5,맛 양 배달 다 좋았습니다.
1366,ks**님,2019년 2월 9일,5,5,5,"너무 친절하고 서비스 콜라도 큰고 주고
무도 두개 주어서 매번 시킵니다 
많이 파시고 부자 되십시요 !! ㅎㅎ"
1367,re**님,2019년 2월 6일,1,3,1,"태어나서 리뷰 한번도 쓴적없는데 한마디 해야겠습니다
솔직히 치킨시키면 한시간에서 아무리 늦어도 80분쯤은 이해를 하는편인데 2시간 10분은 진짜 너무한거 같네요
아래 몇시간전에 리뷰 올라온거 보면 어떤 사람은 
30분만에 받은 사람도 있고 제 시간에 받은사람도 있는데
저는 치킨집에서 멀리 사는편도 아닌데 2시간은 진짜 아닌거같네요
정 늦을꺼같으면 예정보다 늦는다던가 출발했다고
연락을 주셔야되는거 아닐까요

받아서 먹어보니 식어서 뻑뻑하네요
저는 다신 여기서 시켜먹을일 없을꺼 같습니다"
1368,wj**님,2019년 2월 6일,4,4,4,역시 페리카나 오래오래카나카나
1369,   손님,2019년 2월 6일,5,5,5,역시 반반은 페리카나! 75분이었는데 35분만에와서 기분좋게 먹습니다 번창하세요~
1370,es**님,2019년 2월 6일,3,4,1,"아직 배달을 못받아 맛이랑 양은 알 수 없어서 별 3개.
주문은 진짜 너무하신것 아닌가요.

3시 24분에 주문했는데 4시 11분경에 보니 30분 뒤에 배달 완료라고 함...

4시 40분경에 도착이면 주문하면 1시간 20분 걸린다는 소리...

80분은 인간적으로 좀 너무하네요."
1371,   손님,2019년 2월 6일,1,4,1,"배달이 예정된 시간보다  늦게옵니다
치킨이 다식어요
저번에도 늦게오던데 담엔 여기시키기 힘들거 같네요"
1372,jo**님,2019년 2월 6일,5,5,5,"굿,,,  맛있네요,,,"
1373,   손님,2019년 2월 6일,4,5,5,"양념치킨 시켰는데 반반치킨이 왔어요 
가격차이 없어서 그냥 먹긴 했는데 다음부턴 좀 더 신경 써 주세요! 
치킨은 맛있고 배달오신 사장님도 무척 친절하셨습니다 ^_^"
1374,   손님,2019년 2월 2일,5,5,4,반반이 생각날땐 페리카나
1375,wa**님,2019년 2월 2일,5,5,5,맛있게 잘먹었습니다
1376,de**님,2019년 2월 2일,5,5,5,빠르고 맛있었습니다
1377,ha**님,2019년 1월 31일,4,5,5,반반시켰는데 양념 너무 맛있어용
1378,ke**님,2019년 1월 30일,2,5,5,너무 튀겨서 기름기 많이 빠졌네요.
1379,   손님,2019년 1월 26일,5,5,4,"요즘 너도나도 배달비를 받고있는데 그게 없었다는것 부타 높은 점수를 주고 싶습니다. 그리고 가장 중요한 맛은 정말 좋았습니다. 후라이드 치킨, 양념 치킨 하면 떠오를 딱 그 맛입니다. 그만큼 호불호 없이 누구의 입맛에나 맞을거라 생각합니다. 양 또한 충분합니다. 하지만 조금 아쉬웠던 점은 배달 시간입니다. 평일임에도 블구하고 1시간 반정도 후에 도착하여서 배달 면에서는 최대 점을 주기 어려울것 같습니다. 하지만 배달하시는 분이 사장님, 전화받으신 분이 사모님이신거 같은데 두분다 너무 친절하십니다. 종종 시켜먹을것 같습니다."
1380,   손님,2019년 1월 25일,5,5,5,"양도 많고 맛도 있어서 너무 좋았어요.
이틀동안 너무 맛있게 잘먹었습니다.
별 5개씩 전부 드릴게요 감사합니다 ^^"
1381,mj**님,2019년 1월 23일,5,5,5,양념치킨은 역시 페리카나
1382,ks**님,2019년 1월 23일,5,5,5,"맛나게 잘먹었습니다 
많이 파셔요 ^^"
1383,   손님,2019년 1월 20일,4,5,4,"옛날치킨맛이예요,완전 그리운맛
놔뒀다 다음날 먹어도 냄새안나고 좋아요
닭에서 약간 레몬..?오렌지향 나요 ㅎㅎ 그래서 안비려요 ㅎㅎ
배달은 눈도오기도 했지만 배달자체가 되게 늦는것같아요ㅠ"
1384,   손님,2019년 1월 20일,3,4,4,반반을 주문햇는데 양념이 오는 마법...
1385,   손님,2019년 1월 19일,5,5,5,진짜맛있어요 치킨은역시페리카나
1386,mi**님,2019년 1월 19일,3,4,1,맛있었습니다....
1387,mi**님,2019년 1월 19일,4,5,3,뼈발라먹는거 싫어서 순살 시키는데..양념은 소스 맛있고 닭도 많이 안딱딱하든데 후라이드 너무 딱딱해서 먹기 힘들었어요ㅜㅜ
1388,   손님,2019년 1월 16일,5,5,5,"멀리서 시키지만 만족도가 장나아니네요.
닭이 너무 신선하고 바삭함의 정도가 진짜 최고에요. 벌꺼 3번째 시키는데 감동입니다. 거리에비해 배달도 빨리 해주시는 편이에요ㅠㅠ 근처 다른 치킨집있어도 꼭 여기에서 시키게되는 까닭은 역시 맛과질 단연 1등ㅋㅋ"
1389,   손님,2019년 1월 13일,5,4,5,이번에는 배달도 무지 빨라서 매우 만족입니다. 앞으로도 바쁘시겠지만 배달좀 좀더 빨리 부탁드릴께요
1390,   손님,2019년 1월 13일,4,4,4,매번 시켜먹지만 변하지않는맛 좋네요^^
1391,ks**님,2019년 1월 12일,5,5,5,"한주에 한번 꼭 시켜먹네요 !! 
맛있게 잘먹었습니다 !! 
기본으로 나오는 치킨무를 매번 
두게씩이나 주시니 넘 감사합니다
많이 파셔요."
1392,ks**님,2019년 1월 6일,5,5,5,"맛도 짱 배달하시는분도 친절하시구
앞으로도 많이 시킬개요!!!
많이 파셔요"
1393,   손님,2019년 1월 2일,5,5,5,옛날통닭 맛의 원조는 페리카나지. 후라이드도 양념도 정통적인 추억의 맛임. 독산에 페리카나가 있음에 감사함을 느낌다.
1394,jg**님,2019년 1월 1일,5,5,5,언제 시켜두 맛있어요^^
1395,   손님,2018년 12월 31일,1,1,1,"1시간넘게기다리다지쳐 전화하니 이제닭튀긴다고 25분기다리라뇨.. 
 취소한다고하니 그러세요~~ 그럼 참 여기진짜너무하네요ㅋㅋㅋ"
1396,   손님,2018년 12월 31일,5,5,5,맛맛맛나요 후회없어요
1397,dj**님,2018년 12월 31일,4,4,4,맛있게 잘 먹었습니다.
1398,ks**님,2018년 12월 31일,5,5,5,"와 추억의 초딩때 먹은 치킨맛나는 페리카나 완전
맛납니다 많이 파세요 ^^"
1399,de**님,2018년 12월 29일,5,5,5,빠르고 맛있었습니다.
1400,   손님,2018년 12월 26일,5,4,5,맛도 좋고 배달하시는 분께서 너무 친절하시고 인상 좋으시네요 건강하게 오래오래 운영 해 주세요
1401,   손님,2018년 12월 21일,5,5,5,배달하시는 분이 사장님이신가요? 정말 친절하시네요 번창하세요
1402,ca**님,2018년 12월 20일,4,4,4,같은 페리카나인데 독산3점보다 맛이 덜하네요 ㅠㅠ...
1403,   손님,2018년 12월 19일,5,5,5,"사장님~ 맛있어서 리뷰남겨요 ㅎㅎ
늦은 밤에 추운데도 30분채 안되서 와주셨어요 
덕분에 일찍 먹고 잘 수 있었어요 또 시킬게요
역시 페리카나~~"
1404,   손님,2018년 12월 15일,5,4,4,매번 시켜먹지만 항상 바삭바삭하고 맛있어요. 강추합니다.
1405,jg**님,2018년 12월 15일,5,5,5,맛있습니다^^
1406,   손님,2018년 12월 3일,3,5,3,"문자 40분 예정 나왔는데.. 1시간만에 도착
양념 달지않아 좋지만 나한테는 조금 짜고 튀김이 딱딱하네요. 튀김이 얇았으면 .."
